,Transaction ID,Customer ID,Day,Month,Year,Date,Gender,Age,Age Group,Product Category,Quantity,Price per Unit,Total Amount
0,1,CUST001,Friday,11,2023,2023-11-24,Male,34,25 - 34,Beauty,3,50,150
1,2,CUST002,Monday,2,2023,2023-02-27,Female,26,25 - 34,Clothing,2,500,1000
2,3,CUST003,Friday,1,2023,2023-01-13,Male,50,45 - 54,Electronics,1,30,30
3,4,CUST004,Sunday,5,2023,2023-05-21,Male,37,35 - 44,Clothing,1,500,500
4,5,CUST005,Saturday,5,2023,2023-05-06,Male,30,25 - 34,Beauty,2,50,100
5,6,CUST006,Tuesday,4,2023,2023-04-25,Female,45,45 - 54,Beauty,1,30,30
6,7,CUST007,Monday,3,2023,2023-03-13,Male,46,45 - 54,Clothing,2,25,50
7,8,CUST008,Wednesday,2,2023,2023-02-22,Male,30,25 - 34,Electronics,4,25,100
8,9,CUST009,Wednesday,12,2023,2023-12-13,Male,63,54 - 65,Electronics,2,300,600
9,10,CUST010,Saturday,10,2023,2023-10-07,Female,52,45 - 54,Clothing,4,50,200
10,11,CUST011,Tuesday,2,2023,2023-02-14,Male,23,18 - 24,Clothing,2,50,100
11,12,CUST012,Monday,10,2023,2023-10-30,Male,35,35 - 44,Beauty,3,25,75
12,13,CUST013,Saturday,8,2023,2023-08-05,Male,22,18 - 24,Electronics,3,500,1500
13,14,CUST014,Tuesday,1,2023,2023-01-17,Male,64,54 - 65,Clothing,4,30,120
14,15,CUST015,Monday,1,2023,2023-01-16,Female,42,35 - 44,Electronics,4,500,2000
15,16,CUST016,Friday,2,2023,2023-02-17,Male,19,18 - 24,Clothing,3,500,1500
16,17,CUST017,Saturday,4,2023,2023-04-22,Female,27,25 - 34,Clothing,4,25,100
17,18,CUST018,Sunday,4,2023,2023-04-30,Female,47,45 - 54,Electronics,2,25,50
18,19,CUST019,Saturday,9,2023,2023-09-16,Female,62,54 - 65,Clothing,2,25,50
19,20,CUST020,Sunday,11,2023,2023-11-05,Male,22,18 - 24,Clothing,3,300,900
20,21,CUST021,Saturday,1,2023,2023-01-14,Female,50,45 - 54,Beauty,1,500,500
21,22,CUST022,Sunday,10,2023,2023-10-15,Male,18,18 - 24,Clothing,2,50,100
22,23,CUST023,Wednesday,4,2023,2023-04-12,Female,35,35 - 44,Clothing,4,30,120
23,24,CUST024,Wednesday,11,2023,2023-11-29,Female,49,45 - 54,Clothing,1,300,300
24,25,CUST025,Tuesday,12,2023,2023-12-26,Female,64,54 - 65,Beauty,1,50,50
25,26,CUST026,Saturday,10,2023,2023-10-07,Female,28,25 - 34,Electronics,2,500,1000
26,27,CUST027,Thursday,8,2023,2023-08-03,Female,38,35 - 44,Beauty,2,25,50
27,28,CUST028,Sunday,4,2023,2023-04-23,Female,43,35 - 44,Beauty,1,500,500
28,29,CUST029,Friday,8,2023,2023-08-18,Female,42,35 - 44,Electronics,1,30,30
29,30,CUST030,Sunday,10,2023,2023-10-29,Female,39,35 - 44,Beauty,3,300,900
30,31,CUST031,Tuesday,5,2023,2023-05-23,Male,44,35 - 44,Electronics,4,300,1200
31,32,CUST032,Wednesday,1,2023,2023-01-04,Male,30,25 - 34,Beauty,3,30,90
32,33,CUST033,Thursday,3,2023,2023-03-23,Female,50,45 - 54,Electronics,2,50,100
33,34,CUST034,Sunday,12,2023,2023-12-24,Female,51,45 - 54,Clothing,3,50,150
34,35,CUST035,Saturday,8,2023,2023-08-05,Female,58,54 - 65,Beauty,3,300,900
35,36,CUST036,Saturday,6,2023,2023-06-24,Male,52,45 - 54,Beauty,3,300,900
36,37,CUST037,Tuesday,5,2023,2023-05-23,Female,18,18 - 24,Beauty,3,25,75
37,38,CUST038,Tuesday,3,2023,2023-03-21,Male,38,35 - 44,Beauty,4,50,200
38,39,CUST039,Friday,4,2023,2023-04-21,Male,23,18 - 24,Clothing,4,30,120
39,40,CUST040,Thursday,6,2023,2023-06-22,Male,45,45 - 54,Beauty,1,50,50
40,41,CUST041,Wednesday,2,2023,2023-02-22,Male,34,25 - 34,Clothing,2,25,50
41,42,CUST042,Friday,2,2023,2023-02-17,Male,22,18 - 24,Clothing,3,300,900
42,43,CUST043,Friday,7,2023,2023-07-14,Female,48,45 - 54,Clothing,1,300,300
43,44,CUST044,Sunday,2,2023,2023-02-19,Female,22,18 - 24,Clothing,1,25,25
44,45,CUST045,Monday,7,2023,2023-07-03,Female,55,54 - 65,Electronics,1,30,30
45,46,CUST046,Monday,6,2023,2023-06-26,Female,20,18 - 24,Electronics,4,300,1200
46,47,CUST047,Monday,11,2023,2023-11-06,Female,40,35 - 44,Beauty,3,500,1500
47,48,CUST048,Tuesday,5,2023,2023-05-16,Male,54,54 - 65,Electronics,3,300,900
48,49,CUST049,Monday,1,2023,2023-01-23,Female,54,54 - 65,Electronics,2,500,1000
49,50,CUST050,Thursday,8,2023,2023-08-24,Female,27,25 - 34,Beauty,3,25,75
50,51,CUST051,Monday,10,2023,2023-10-02,Male,27,25 - 34,Beauty,3,25,75
51,52,CUST052,Sunday,3,2023,2023-03-05,Female,36,35 - 44,Beauty,1,300,300
52,53,CUST053,Thursday,7,2023,2023-07-13,Male,34,25 - 34,Electronics,2,50,100
53,54,CUST054,Friday,2,2023,2023-02-10,Female,38,35 - 44,Electronics,3,500,1500
54,55,CUST055,Tuesday,10,2023,2023-10-10,Male,31,25 - 34,Beauty,4,30,120
55,56,CUST056,Wednesday,5,2023,2023-05-31,Female,26,25 - 34,Clothing,3,300,900
56,57,CUST057,Saturday,11,2023,2023-11-18,Female,63,54 - 65,Beauty,1,30,30
57,58,CUST058,Monday,11,2023,2023-11-13,Male,18,18 - 24,Clothing,4,300,1200
58,59,CUST059,Wednesday,7,2023,2023-07-05,Male,62,54 - 65,Clothing,1,50,50
59,60,CUST060,Monday,10,2023,2023-10-23,Male,30,25 - 34,Beauty,3,50,150
60,61,CUST061,Sunday,4,2023,2023-04-09,Male,21,18 - 24,Beauty,4,50,200
61,62,CUST062,Wednesday,12,2023,2023-12-27,Male,18,18 - 24,Beauty,2,50,100
62,63,CUST063,Sunday,2,2023,2023-02-05,Male,57,54 - 65,Electronics,2,25,50
63,64,CUST064,Tuesday,1,2023,2023-01-24,Male,49,45 - 54,Clothing,4,25,100
64,65,CUST065,Tuesday,12,2023,2023-12-05,Male,51,45 - 54,Electronics,4,500,2000
65,66,CUST066,Thursday,4,2023,2023-04-27,Female,45,45 - 54,Electronics,1,30,30
66,67,CUST067,Monday,5,2023,2023-05-29,Female,48,45 - 54,Beauty,4,300,1200
67,68,CUST068,Friday,2,2023,2023-02-10,Male,25,25 - 34,Electronics,1,300,300
68,69,CUST069,Sunday,4,2023,2023-04-30,Female,56,54 - 65,Beauty,3,25,75
69,70,CUST070,Tuesday,2,2023,2023-02-21,Female,43,35 - 44,Clothing,1,300,300
70,71,CUST071,Friday,7,2023,2023-07-14,Female,51,45 - 54,Beauty,4,25,100
71,72,CUST072,Tuesday,5,2023,2023-05-23,Female,20,18 - 24,Electronics,4,500,2000
72,73,CUST073,Monday,8,2023,2023-08-21,Male,29,25 - 34,Electronics,3,30,90
73,74,CUST074,Wednesday,11,2023,2023-11-22,Female,18,18 - 24,Beauty,4,500,2000
74,75,CUST075,Thursday,7,2023,2023-07-06,Male,61,54 - 65,Beauty,4,50,200
75,76,CUST076,Saturday,3,2023,2023-03-25,Female,22,18 - 24,Electronics,2,50,100
76,77,CUST077,Sunday,7,2023,2023-07-09,Female,47,45 - 54,Clothing,2,50,100
77,78,CUST078,Saturday,7,2023,2023-07-01,Female,47,45 - 54,Clothing,3,500,1500
78,79,CUST079,Tuesday,4,2023,2023-04-18,Male,34,25 - 34,Beauty,1,300,300
79,80,CUST080,Sunday,12,2023,2023-12-10,Female,64,54 - 65,Clothing,2,30,60
80,81,CUST081,Wednesday,5,2023,2023-05-17,Male,40,35 - 44,Electronics,1,50,50
81,82,CUST082,Tuesday,12,2023,2023-12-26,Female,32,25 - 34,Beauty,4,50,200
82,83,CUST083,Saturday,12,2023,2023-12-16,Male,54,54 - 65,Electronics,2,50,100
83,84,CUST084,Tuesday,11,2023,2023-11-28,Female,38,35 - 44,Electronics,3,30,90
84,85,CUST085,Monday,2,2023,2023-02-06,Male,31,25 - 34,Clothing,3,50,150
85,86,CUST086,Wednesday,11,2023,2023-11-08,Male,19,18 - 24,Beauty,3,30,90
86,87,CUST087,Wednesday,11,2023,2023-11-22,Female,28,25 - 34,Beauty,2,50,100
87,88,CUST088,Wednesday,3,2023,2023-03-29,Male,56,54 - 65,Clothing,1,500,500
88,89,CUST089,Sunday,10,2023,2023-10-01,Female,55,54 - 65,Electronics,4,500,2000
89,90,CUST090,Saturday,5,2023,2023-05-06,Female,51,45 - 54,Electronics,1,30,30
90,91,CUST091,Saturday,3,2023,2023-03-25,Female,55,54 - 65,Electronics,1,500,500
91,92,CUST092,Friday,8,2023,2023-08-25,Female,51,45 - 54,Electronics,4,30,120
92,93,CUST093,Friday,7,2023,2023-07-14,Female,35,35 - 44,Beauty,4,500,2000
93,94,CUST094,Friday,5,2023,2023-05-19,Female,47,45 - 54,Beauty,2,500,1000
94,95,CUST095,Friday,11,2023,2023-11-24,Female,32,25 - 34,Clothing,2,30,60
95,96,CUST096,Tuesday,12,2023,2023-12-19,Female,44,35 - 44,Clothing,2,300,600
96,97,CUST097,Friday,10,2023,2023-10-13,Female,51,45 - 54,Beauty,2,500,1000
97,98,CUST098,Sunday,4,2023,2023-04-23,Female,55,54 - 65,Beauty,2,50,100
98,99,CUST099,Sunday,12,2023,2023-12-17,Female,50,45 - 54,Electronics,4,300,1200
99,100,CUST100,Friday,6,2023,2023-06-16,Male,41,35 - 44,Electronics,1,30,30
100,101,CUST101,Sunday,1,2023,2023-01-29,Male,32,25 - 34,Clothing,2,300,600
101,102,CUST102,Friday,4,2023,2023-04-28,Female,47,45 - 54,Beauty,2,25,50
102,103,CUST103,Tuesday,1,2023,2023-01-17,Female,59,54 - 65,Clothing,1,25,25
103,104,CUST104,Sunday,6,2023,2023-06-11,Female,34,25 - 34,Beauty,2,500,1000
104,105,CUST105,Tuesday,7,2023,2023-07-25,Female,22,18 - 24,Electronics,1,500,500
105,106,CUST106,Thursday,5,2023,2023-05-18,Female,46,45 - 54,Clothing,1,50,50
106,107,CUST107,Friday,2,2023,2023-02-03,Female,21,18 - 24,Clothing,4,300,1200
107,108,CUST108,Wednesday,4,2023,2023-04-19,Female,27,25 - 34,Beauty,3,25,75
108,109,CUST109,Wednesday,10,2023,2023-10-18,Female,34,25 - 34,Electronics,4,500,2000
109,110,CUST110,Sunday,6,2023,2023-06-11,Male,27,25 - 34,Clothing,3,300,900
110,111,CUST111,Wednesday,4,2023,2023-04-19,Female,34,25 - 34,Electronics,3,500,1500
111,112,CUST112,Saturday,12,2023,2023-12-02,Male,37,35 - 44,Clothing,3,500,1500
112,113,CUST113,Wednesday,9,2023,2023-09-13,Female,41,35 - 44,Electronics,2,25,50
113,114,CUST114,Saturday,7,2023,2023-07-22,Female,22,18 - 24,Beauty,4,25,100
114,115,CUST115,Sunday,11,2023,2023-11-26,Male,51,45 - 54,Clothing,3,500,1500
115,116,CUST116,Wednesday,8,2023,2023-08-23,Female,23,18 - 24,Clothing,1,30,30
116,117,CUST117,Wednesday,3,2023,2023-03-15,Male,19,18 - 24,Electronics,2,500,1000
117,118,CUST118,Tuesday,5,2023,2023-05-16,Female,30,25 - 34,Electronics,4,500,2000
118,119,CUST119,Monday,3,2023,2023-03-13,Female,60,54 - 65,Clothing,3,50,150
119,120,CUST120,Sunday,5,2023,2023-05-07,Male,60,54 - 65,Beauty,1,50,50
120,121,CUST121,Sunday,10,2023,2023-10-15,Female,28,25 - 34,Electronics,4,50,200
121,122,CUST122,Tuesday,10,2023,2023-10-03,Male,64,54 - 65,Electronics,4,30,120
122,123,CUST123,Monday,5,2023,2023-05-15,Female,40,35 - 44,Electronics,2,30,60
123,124,CUST124,Friday,10,2023,2023-10-27,Male,33,25 - 34,Clothing,4,500,2000
124,125,CUST125,Tuesday,8,2023,2023-08-08,Male,48,45 - 54,Clothing,2,50,100
125,126,CUST126,Thursday,10,2023,2023-10-26,Female,28,25 - 34,Clothing,3,30,90
126,127,CUST127,Monday,7,2023,2023-07-24,Female,33,25 - 34,Clothing,2,25,50
127,128,CUST128,Wednesday,7,2023,2023-07-05,Male,25,25 - 34,Beauty,1,500,500
128,129,CUST129,Sunday,4,2023,2023-04-23,Female,21,18 - 24,Beauty,2,300,600
129,130,CUST130,Sunday,3,2023,2023-03-12,Female,57,54 - 65,Clothing,1,500,500
130,131,CUST131,Monday,9,2023,2023-09-18,Female,21,18 - 24,Beauty,2,300,600
131,132,CUST132,Sunday,9,2023,2023-09-10,Male,42,35 - 44,Electronics,4,50,200
132,133,CUST133,Thursday,2,2023,2023-02-16,Male,20,18 - 24,Electronics,3,300,900
133,134,CUST134,Wednesday,1,2023,2023-01-25,Male,49,45 - 54,Electronics,1,50,50
134,135,CUST135,Sunday,2,2023,2023-02-26,Male,20,18 - 24,Clothing,2,25,50
135,136,CUST136,Monday,3,2023,2023-03-20,Male,44,35 - 44,Electronics,2,300,600
136,137,CUST137,Saturday,11,2023,2023-11-18,Male,46,45 - 54,Beauty,2,500,1000
137,138,CUST138,Thursday,3,2023,2023-03-23,Male,49,45 - 54,Clothing,4,50,200
138,139,CUST139,Friday,12,2023,2023-12-15,Male,36,35 - 44,Beauty,4,500,2000
139,140,CUST140,Saturday,8,2023,2023-08-05,Male,38,35 - 44,Electronics,1,30,30
140,141,CUST141,Thursday,11,2023,2023-11-02,Female,22,18 - 24,Electronics,1,50,50
141,142,CUST142,Thursday,2,2023,2023-02-02,Male,35,35 - 44,Electronics,4,300,1200
142,143,CUST143,Monday,7,2023,2023-07-17,Female,45,45 - 54,Clothing,1,50,50
143,144,CUST144,Saturday,7,2023,2023-07-15,Female,59,54 - 65,Beauty,3,500,1500
144,145,CUST145,Thursday,11,2023,2023-11-02,Female,39,35 - 44,Clothing,3,25,75
145,146,CUST146,Monday,8,2023,2023-08-28,Male,38,35 - 44,Clothing,4,50,200
146,147,CUST147,Thursday,9,2023,2023-09-28,Male,23,18 - 24,Electronics,1,300,300
147,148,CUST148,Tuesday,5,2023,2023-05-09,Male,18,18 - 24,Clothing,2,30,60
148,149,CUST149,Wednesday,10,2023,2023-10-11,Male,22,18 - 24,Clothing,3,25,75
149,150,CUST150,Friday,1,2023,2023-01-06,Female,58,54 - 65,Electronics,4,30,120
150,151,CUST151,Friday,12,2023,2023-12-15,Male,29,25 - 34,Clothing,1,50,50
151,152,CUST152,Tuesday,2,2023,2023-02-28,Male,43,35 - 44,Electronics,4,500,2000
152,153,CUST153,Saturday,12,2023,2023-12-16,Male,63,54 - 65,Electronics,2,500,1000
153,154,CUST154,Monday,10,2023,2023-10-02,Male,51,45 - 54,Electronics,3,300,900
154,155,CUST155,Wednesday,5,2023,2023-05-17,Male,31,25 - 34,Electronics,4,500,2000
155,156,CUST156,Saturday,11,2023,2023-11-25,Female,43,35 - 44,Clothing,4,25,100
156,157,CUST157,Saturday,6,2023,2023-06-24,Male,62,54 - 65,Electronics,4,500,2000
157,158,CUST158,Monday,2,2023,2023-02-27,Female,44,35 - 44,Electronics,2,300,600
158,159,CUST159,Wednesday,5,2023,2023-05-31,Male,26,25 - 34,Clothing,4,50,200
159,160,CUST160,Friday,8,2023,2023-08-11,Female,43,35 - 44,Clothing,2,50,100
160,161,CUST161,Wednesday,3,2023,2023-03-22,Male,64,54 - 65,Beauty,2,500,1000
161,162,CUST162,Monday,8,2023,2023-08-21,Male,39,35 - 44,Clothing,2,30,60
162,163,CUST163,Monday,1,2023,2023-01-02,Female,64,54 - 65,Clothing,3,50,150
163,164,CUST164,Monday,5,2023,2023-05-15,Female,47,45 - 54,Beauty,3,500,1500
164,165,CUST165,Thursday,9,2023,2023-09-14,Female,60,54 - 65,Clothing,4,300,1200
165,166,CUST166,Sunday,4,2023,2023-04-02,Male,34,25 - 34,Clothing,4,500,2000
166,167,CUST167,Sunday,9,2023,2023-09-17,Female,43,35 - 44,Clothing,3,50,150
167,168,CUST168,Friday,2,2023,2023-02-24,Male,53,45 - 54,Clothing,1,300,300
168,169,CUST169,Friday,11,2023,2023-11-17,Male,18,18 - 24,Beauty,3,500,1500
169,170,CUST170,Friday,6,2023,2023-06-02,Female,25,25 - 34,Clothing,2,25,50
170,171,CUST171,Friday,11,2023,2023-11-24,Female,52,45 - 54,Clothing,3,300,900
171,172,CUST172,Sunday,9,2023,2023-09-17,Male,32,25 - 34,Beauty,2,25,50
172,173,CUST173,Wednesday,11,2023,2023-11-08,Male,64,54 - 65,Electronics,4,30,120
173,174,CUST174,Wednesday,4,2023,2023-04-12,Female,39,35 - 44,Beauty,1,300,300
174,175,CUST175,Monday,3,2023,2023-03-20,Female,31,25 - 34,Electronics,4,25,100
175,176,CUST176,Tuesday,7,2023,2023-07-11,Female,43,35 - 44,Beauty,2,50,100
176,177,CUST177,Friday,3,2023,2023-03-24,Male,45,45 - 54,Beauty,2,50,100
177,178,CUST178,Wednesday,10,2023,2023-10-04,Male,40,35 - 44,Clothing,2,30,60
178,179,CUST179,Friday,9,2023,2023-09-29,Male,31,25 - 34,Electronics,1,300,300
179,180,CUST180,Sunday,1,2023,2023-01-01,Male,41,35 - 44,Clothing,3,300,900
180,181,CUST181,Friday,11,2023,2023-11-03,Male,19,18 - 24,Electronics,4,300,1200
181,182,CUST182,Thursday,6,2023,2023-06-15,Male,62,54 - 65,Beauty,4,30,120
182,183,CUST183,Friday,9,2023,2023-09-08,Female,43,35 - 44,Beauty,3,300,900
183,184,CUST184,Tuesday,1,2023,2023-01-10,Male,31,25 - 34,Electronics,4,50,200
184,185,CUST185,Monday,2,2023,2023-02-27,Male,24,18 - 24,Clothing,1,25,25
185,186,CUST186,Wednesday,7,2023,2023-07-05,Male,20,18 - 24,Clothing,4,50,200
186,187,CUST187,Wednesday,6,2023,2023-06-07,Female,64,54 - 65,Clothing,2,50,100
187,188,CUST188,Wednesday,5,2023,2023-05-03,Male,40,35 - 44,Clothing,3,25,75
188,189,CUST189,Monday,1,2023,2023-01-30,Male,63,54 - 65,Beauty,1,50,50
189,190,CUST190,Thursday,5,2023,2023-05-04,Female,60,54 - 65,Beauty,3,30,90
190,191,CUST191,Wednesday,10,2023,2023-10-18,Male,64,54 - 65,Beauty,1,25,25
191,192,CUST192,Friday,2,2023,2023-02-10,Male,62,54 - 65,Beauty,2,50,100
192,193,CUST193,Monday,2,2023,2023-02-13,Male,35,35 - 44,Beauty,3,500,1500
193,194,CUST194,Wednesday,9,2023,2023-09-06,Male,55,54 - 65,Clothing,4,50,200
194,195,CUST195,Sunday,2,2023,2023-02-05,Male,52,45 - 54,Clothing,1,30,30
195,196,CUST196,Saturday,9,2023,2023-09-30,Female,32,25 - 34,Clothing,3,300,900
196,197,CUST197,Monday,3,2023,2023-03-06,Female,42,35 - 44,Clothing,4,50,200
197,198,CUST198,Tuesday,3,2023,2023-03-07,Female,54,54 - 65,Beauty,3,300,900
198,199,CUST199,Monday,12,2023,2023-12-04,Male,45,45 - 54,Beauty,3,500,1500
199,200,CUST200,Friday,9,2023,2023-09-01,Male,27,25 - 34,Beauty,3,50,150
200,201,CUST201,Monday,10,2023,2023-10-09,Male,56,54 - 65,Electronics,1,25,25
201,202,CUST202,Sunday,3,2023,2023-03-26,Female,34,25 - 34,Clothing,4,300,1200
202,203,CUST203,Tuesday,5,2023,2023-05-16,Male,56,54 - 65,Clothing,2,500,1000
203,204,CUST204,Thursday,9,2023,2023-09-28,Male,39,35 - 44,Beauty,1,25,25
204,205,CUST205,Tuesday,11,2023,2023-11-07,Female,43,35 - 44,Clothing,1,25,25
205,206,CUST206,Saturday,8,2023,2023-08-05,Male,61,54 - 65,Clothing,1,25,25
206,207,CUST207,Wednesday,4,2023,2023-04-19,Female,42,35 - 44,Beauty,2,25,50
207,208,CUST208,Wednesday,10,2023,2023-10-04,Female,34,25 - 34,Electronics,4,50,200
208,209,CUST209,Wednesday,12,2023,2023-12-20,Female,30,25 - 34,Electronics,4,50,200
209,210,CUST210,Thursday,4,2023,2023-04-13,Male,37,35 - 44,Electronics,4,50,200
210,211,CUST211,Monday,1,2024,2024-01-01,Male,42,35 - 44,Beauty,3,500,1500
211,212,CUST212,Friday,6,2023,2023-06-09,Male,21,18 - 24,Clothing,3,500,1500
212,213,CUST213,Monday,7,2023,2023-07-24,Male,27,25 - 34,Beauty,3,500,1500
213,214,CUST214,Sunday,12,2023,2023-12-10,Male,20,18 - 24,Beauty,2,30,60
214,215,CUST215,Wednesday,11,2023,2023-11-29,Male,58,54 - 65,Clothing,3,500,1500
215,216,CUST216,Tuesday,7,2023,2023-07-11,Male,62,54 - 65,Electronics,2,50,100
216,217,CUST217,Sunday,8,2023,2023-08-13,Female,35,35 - 44,Electronics,4,50,200
217,218,CUST218,Friday,9,2023,2023-09-22,Male,64,54 - 65,Beauty,3,30,90
218,219,CUST219,Sunday,8,2023,2023-08-20,Female,53,45 - 54,Electronics,3,30,90
219,220,CUST220,Friday,3,2023,2023-03-03,Male,64,54 - 65,Beauty,1,500,500
220,221,CUST221,Sunday,5,2023,2023-05-07,Male,39,35 - 44,Beauty,2,300,600
221,222,CUST222,Wednesday,4,2023,2023-04-26,Male,51,45 - 54,Clothing,4,30,120
222,223,CUST223,Thursday,2,2023,2023-02-02,Female,64,54 - 65,Clothing,1,25,25
223,224,CUST224,Friday,6,2023,2023-06-23,Female,25,25 - 34,Clothing,1,50,50
224,225,CUST225,Wednesday,1,2023,2023-01-11,Female,57,54 - 65,Beauty,4,25,100
225,226,CUST226,Sunday,10,2023,2023-10-29,Female,61,54 - 65,Clothing,1,50,50
226,227,CUST227,Wednesday,10,2023,2023-10-11,Male,36,35 - 44,Electronics,2,50,100
227,228,CUST228,Friday,4,2023,2023-04-28,Female,59,54 - 65,Electronics,2,30,60
228,229,CUST229,Sunday,10,2023,2023-10-29,Male,58,54 - 65,Beauty,3,30,90
229,230,CUST230,Sunday,4,2023,2023-04-23,Male,54,54 - 65,Beauty,1,25,25
230,231,CUST231,Wednesday,1,2023,2023-01-04,Female,23,18 - 24,Clothing,3,50,150
231,232,CUST232,Monday,2,2023,2023-02-06,Female,43,35 - 44,Beauty,1,25,25
232,233,CUST233,Friday,12,2023,2023-12-29,Female,51,45 - 54,Beauty,2,300,600
233,234,CUST234,Monday,11,2023,2023-11-20,Female,62,54 - 65,Electronics,2,25,50
234,235,CUST235,Tuesday,1,2023,2023-01-31,Female,23,18 - 24,Electronics,2,500,1000
235,236,CUST236,Friday,4,2023,2023-04-28,Female,54,54 - 65,Clothing,1,25,25
236,237,CUST237,Saturday,2,2023,2023-02-04,Female,50,45 - 54,Beauty,2,500,1000
237,238,CUST238,Tuesday,1,2023,2023-01-17,Female,39,35 - 44,Beauty,1,500,500
238,239,CUST239,Monday,6,2023,2023-06-19,Male,38,35 - 44,Electronics,3,500,1500
239,240,CUST240,Monday,2,2023,2023-02-06,Female,23,18 - 24,Beauty,1,300,300
240,241,CUST241,Thursday,9,2023,2023-09-21,Female,23,18 - 24,Electronics,3,25,75
241,242,CUST242,Tuesday,5,2023,2023-05-02,Male,21,18 - 24,Clothing,1,25,25
242,243,CUST243,Tuesday,5,2023,2023-05-23,Female,47,45 - 54,Electronics,3,300,900
243,244,CUST244,Saturday,12,2023,2023-12-09,Male,28,25 - 34,Beauty,2,50,100
244,245,CUST245,Wednesday,9,2023,2023-09-06,Male,47,45 - 54,Clothing,3,30,90
245,246,CUST246,Thursday,4,2023,2023-04-20,Female,48,45 - 54,Electronics,2,25,50
246,247,CUST247,Wednesday,10,2023,2023-10-04,Male,41,35 - 44,Electronics,2,30,60
247,248,CUST248,Thursday,3,2023,2023-03-09,Male,26,25 - 34,Clothing,3,300,900
248,249,CUST249,Friday,10,2023,2023-10-20,Male,20,18 - 24,Clothing,1,50,50
249,250,CUST250,Monday,10,2023,2023-10-23,Male,48,45 - 54,Electronics,1,50,50
250,251,CUST251,Thursday,8,2023,2023-08-31,Female,57,54 - 65,Beauty,4,50,200
251,252,CUST252,Friday,5,2023,2023-05-05,Male,54,54 - 65,Electronics,1,300,300
252,253,CUST253,Thursday,8,2023,2023-08-31,Female,53,45 - 54,Clothing,4,500,2000
253,254,CUST254,Friday,7,2023,2023-07-28,Male,41,35 - 44,Electronics,1,500,500
254,255,CUST255,Saturday,4,2023,2023-04-08,Male,48,45 - 54,Clothing,1,30,30
255,256,CUST256,Saturday,2,2023,2023-02-18,Male,23,18 - 24,Clothing,2,500,1000
256,257,CUST257,Sunday,2,2023,2023-02-19,Male,19,18 - 24,Beauty,4,500,2000
257,258,CUST258,Monday,12,2023,2023-12-04,Female,37,35 - 44,Clothing,1,50,50
258,259,CUST259,Wednesday,8,2023,2023-08-09,Female,45,45 - 54,Clothing,4,50,200
259,260,CUST260,Saturday,7,2023,2023-07-01,Male,28,25 - 34,Beauty,2,30,60
260,261,CUST261,Saturday,8,2023,2023-08-05,Male,21,18 - 24,Clothing,2,25,50
261,262,CUST262,Sunday,7,2023,2023-07-30,Female,32,25 - 34,Beauty,4,30,120
262,263,CUST263,Monday,8,2023,2023-08-28,Male,23,18 - 24,Beauty,2,30,60
263,264,CUST264,Saturday,1,2023,2023-01-28,Male,47,45 - 54,Clothing,3,300,900
264,265,CUST265,Monday,12,2023,2023-12-11,Male,55,54 - 65,Clothing,3,300,900
265,266,CUST266,Friday,12,2023,2023-12-01,Female,19,18 - 24,Electronics,2,30,60
266,267,CUST267,Monday,11,2023,2023-11-27,Female,32,25 - 34,Beauty,3,30,90
267,268,CUST268,Monday,2,2023,2023-02-20,Female,28,25 - 34,Electronics,1,30,30
268,269,CUST269,Wednesday,2,2023,2023-02-01,Male,25,25 - 34,Clothing,4,500,2000
269,270,CUST270,Wednesday,7,2023,2023-07-26,Male,43,35 - 44,Electronics,1,300,300
270,271,CUST271,Friday,6,2023,2023-06-23,Female,62,54 - 65,Beauty,4,30,120
271,272,CUST272,Saturday,2,2023,2023-02-25,Female,61,54 - 65,Electronics,2,50,100
272,273,CUST273,Monday,5,2023,2023-05-08,Female,22,18 - 24,Beauty,1,50,50
273,274,CUST274,Sunday,4,2023,2023-04-09,Female,23,18 - 24,Clothing,2,500,1000
274,275,CUST275,Saturday,4,2023,2023-04-08,Male,43,35 - 44,Clothing,2,500,1000
275,276,CUST276,Monday,10,2023,2023-10-02,Female,21,18 - 24,Beauty,4,25,100
276,277,CUST277,Friday,8,2023,2023-08-18,Male,36,35 - 44,Clothing,4,25,100
277,278,CUST278,Monday,3,2023,2023-03-13,Female,37,35 - 44,Clothing,4,25,100
278,279,CUST279,Saturday,8,2023,2023-08-05,Male,50,45 - 54,Clothing,1,500,500
279,280,CUST280,Tuesday,4,2023,2023-04-04,Female,37,35 - 44,Clothing,3,500,1500
280,281,CUST281,Tuesday,5,2023,2023-05-23,Female,29,25 - 34,Beauty,4,500,2000
281,282,CUST282,Friday,8,2023,2023-08-25,Female,64,54 - 65,Electronics,4,50,200
282,283,CUST283,Monday,5,2023,2023-05-08,Female,18,18 - 24,Electronics,1,500,500
283,284,CUST284,Wednesday,2,2023,2023-02-08,Male,43,35 - 44,Clothing,4,50,200
284,285,CUST285,Tuesday,8,2023,2023-08-15,Female,31,25 - 34,Electronics,1,25,25
285,286,CUST286,Monday,10,2023,2023-10-09,Male,55,54 - 65,Electronics,2,25,50
286,287,CUST287,Monday,2,2023,2023-02-20,Male,54,54 - 65,Clothing,4,25,100
287,288,CUST288,Thursday,1,2023,2023-01-26,Male,28,25 - 34,Clothing,4,30,120
288,289,CUST289,Thursday,11,2023,2023-11-30,Male,53,45 - 54,Electronics,2,30,60
289,290,CUST290,Wednesday,10,2023,2023-10-04,Female,30,25 - 34,Beauty,2,300,600
290,291,CUST291,Sunday,1,2023,2023-01-08,Male,60,54 - 65,Clothing,2,300,600
291,292,CUST292,Friday,2,2023,2023-02-17,Male,20,18 - 24,Beauty,4,300,1200
292,293,CUST293,Tuesday,5,2023,2023-05-02,Male,50,45 - 54,Electronics,3,30,90
293,294,CUST294,Monday,3,2023,2023-03-27,Female,23,18 - 24,Clothing,3,30,90
294,295,CUST295,Friday,7,2023,2023-07-28,Female,27,25 - 34,Beauty,3,300,900
295,296,CUST296,Wednesday,9,2023,2023-09-06,Female,22,18 - 24,Clothing,4,300,1200
296,297,CUST297,Monday,9,2023,2023-09-04,Female,40,35 - 44,Electronics,2,500,1000
297,298,CUST298,Thursday,4,2023,2023-04-20,Male,27,25 - 34,Beauty,4,300,1200
298,299,CUST299,Tuesday,7,2023,2023-07-25,Male,61,54 - 65,Electronics,2,500,1000
299,300,CUST300,Tuesday,1,2023,2023-01-31,Female,19,18 - 24,Electronics,4,50,200
300,301,CUST301,Sunday,3,2023,2023-03-26,Male,30,25 - 34,Clothing,4,30,120
301,302,CUST302,Friday,7,2023,2023-07-14,Male,57,54 - 65,Beauty,2,300,600
302,303,CUST303,Monday,1,2023,2023-01-02,Male,19,18 - 24,Electronics,3,30,90
303,304,CUST304,Wednesday,7,2023,2023-07-19,Female,37,35 - 44,Electronics,2,30,60
304,305,CUST305,Tuesday,5,2023,2023-05-16,Female,18,18 - 24,Beauty,1,30,30
305,306,CUST306,Monday,8,2023,2023-08-21,Male,54,54 - 65,Electronics,1,50,50
306,307,CUST307,Saturday,5,2023,2023-05-27,Female,26,25 - 34,Electronics,2,25,50
307,308,CUST308,Saturday,8,2023,2023-08-05,Female,34,25 - 34,Beauty,4,300,1200
308,309,CUST309,Saturday,12,2023,2023-12-23,Female,26,25 - 34,Beauty,1,25,25
309,310,CUST310,Thursday,10,2023,2023-10-12,Female,28,25 - 34,Beauty,1,25,25
310,311,CUST311,Tuesday,12,2023,2023-12-05,Female,32,25 - 34,Beauty,4,25,100
311,312,CUST312,Thursday,9,2023,2023-09-07,Male,41,35 - 44,Clothing,4,30,120
312,313,CUST313,Tuesday,3,2023,2023-03-21,Female,55,54 - 65,Beauty,3,500,1500
313,314,CUST314,Saturday,4,2023,2023-04-08,Male,52,45 - 54,Clothing,4,30,120
314,315,CUST315,Thursday,6,2023,2023-06-01,Male,47,45 - 54,Clothing,2,30,60
315,316,CUST316,Saturday,4,2023,2023-04-22,Female,48,45 - 54,Clothing,2,25,50
316,317,CUST317,Monday,1,2023,2023-01-30,Male,22,18 - 24,Electronics,3,30,90
317,318,CUST318,Tuesday,10,2023,2023-10-24,Male,61,54 - 65,Clothing,1,25,25
318,319,CUST319,Thursday,10,2023,2023-10-05,Male,31,25 - 34,Clothing,1,500,500
319,320,CUST320,Wednesday,2,2023,2023-02-01,Female,28,25 - 34,Electronics,4,300,1200
320,321,CUST321,Saturday,6,2023,2023-06-10,Female,26,25 - 34,Electronics,2,25,50
321,322,CUST322,Monday,1,2023,2023-01-30,Male,51,45 - 54,Electronics,1,500,500
322,323,CUST323,Thursday,1,2023,2023-01-26,Female,29,25 - 34,Beauty,3,300,900
323,324,CUST324,Friday,10,2023,2023-10-27,Female,52,45 - 54,Electronics,3,50,150
324,325,CUST325,Saturday,9,2023,2023-09-02,Female,52,45 - 54,Electronics,2,25,50
325,326,CUST326,Friday,9,2023,2023-09-15,Female,18,18 - 24,Clothing,3,25,75
326,327,CUST327,Friday,9,2023,2023-09-29,Male,57,54 - 65,Electronics,3,50,150
327,328,CUST328,Wednesday,3,2023,2023-03-22,Male,39,35 - 44,Beauty,2,50,100
328,329,CUST329,Monday,1,2023,2023-01-30,Female,46,45 - 54,Electronics,4,25,100
329,330,CUST330,Monday,9,2023,2023-09-18,Female,25,25 - 34,Beauty,4,50,200
330,331,CUST331,Saturday,2,2023,2023-02-11,Male,28,25 - 34,Electronics,3,30,90
331,332,CUST332,Thursday,4,2023,2023-04-06,Male,58,54 - 65,Electronics,4,300,1200
332,333,CUST333,Sunday,2,2023,2023-02-05,Female,54,54 - 65,Electronics,4,300,1200
333,334,CUST334,Wednesday,11,2023,2023-11-01,Male,31,25 - 34,Electronics,3,300,900
334,335,CUST335,Saturday,2,2023,2023-02-04,Female,47,45 - 54,Beauty,4,30,120
335,336,CUST336,Tuesday,12,2023,2023-12-12,Female,52,45 - 54,Beauty,3,50,150
336,337,CUST337,Monday,5,2023,2023-05-01,Male,38,35 - 44,Clothing,1,500,500
337,338,CUST338,Wednesday,7,2023,2023-07-26,Male,54,54 - 65,Beauty,2,50,100
338,339,CUST339,Friday,3,2023,2023-03-03,Female,22,18 - 24,Electronics,2,25,50
339,340,CUST340,Thursday,10,2023,2023-10-19,Female,36,35 - 44,Clothing,4,300,1200
340,341,CUST341,Sunday,5,2023,2023-05-07,Male,31,25 - 34,Clothing,4,50,200
341,342,CUST342,Tuesday,10,2023,2023-10-24,Female,43,35 - 44,Clothing,4,500,2000
342,343,CUST343,Wednesday,11,2023,2023-11-01,Male,21,18 - 24,Electronics,2,25,50
343,344,CUST344,Saturday,1,2023,2023-01-21,Female,42,35 - 44,Beauty,1,30,30
344,345,CUST345,Tuesday,11,2023,2023-11-14,Male,62,54 - 65,Electronics,1,30,30
345,346,CUST346,Saturday,2,2023,2023-02-11,Male,59,54 - 65,Clothing,2,500,1000
346,347,CUST347,Thursday,8,2023,2023-08-03,Male,42,35 - 44,Electronics,1,25,25
347,348,CUST348,Sunday,12,2023,2023-12-03,Female,35,35 - 44,Electronics,2,300,600
348,349,CUST349,Thursday,10,2023,2023-10-26,Female,57,54 - 65,Beauty,1,50,50
349,350,CUST350,Tuesday,10,2023,2023-10-17,Male,25,25 - 34,Beauty,3,25,75
350,351,CUST351,Monday,9,2023,2023-09-25,Female,56,54 - 65,Clothing,3,30,90
351,352,CUST352,Sunday,6,2023,2023-06-11,Male,57,54 - 65,Electronics,2,500,1000
352,353,CUST353,Sunday,5,2023,2023-05-14,Male,31,25 - 34,Electronics,1,500,500
353,354,CUST354,Saturday,4,2023,2023-04-15,Female,49,45 - 54,Beauty,4,50,200
354,355,CUST355,Saturday,12,2023,2023-12-09,Female,55,54 - 65,Electronics,1,500,500
355,356,CUST356,Saturday,6,2023,2023-06-10,Male,50,45 - 54,Electronics,3,500,1500
356,357,CUST357,Wednesday,5,2023,2023-05-03,Female,40,35 - 44,Electronics,3,25,75
357,358,CUST358,Tuesday,5,2023,2023-05-16,Female,32,25 - 34,Beauty,1,300,300
358,359,CUST359,Saturday,7,2023,2023-07-22,Male,50,45 - 54,Clothing,1,50,50
359,360,CUST360,Thursday,3,2023,2023-03-09,Male,42,35 - 44,Clothing,4,25,100
360,361,CUST361,Sunday,12,2023,2023-12-10,Female,34,25 - 34,Electronics,4,300,1200
361,362,CUST362,Monday,11,2023,2023-11-27,Male,50,45 - 54,Clothing,1,25,25
362,363,CUST363,Saturday,6,2023,2023-06-03,Male,64,54 - 65,Beauty,1,25,25
363,364,CUST364,Wednesday,8,2023,2023-08-23,Female,19,18 - 24,Beauty,1,500,500
364,365,CUST365,Sunday,6,2023,2023-06-11,Male,31,25 - 34,Clothing,1,300,300
365,366,CUST366,Tuesday,2,2023,2023-02-07,Male,57,54 - 65,Clothing,2,50,100
366,367,CUST367,Thursday,1,2023,2023-01-05,Female,57,54 - 65,Electronics,1,50,50
367,368,CUST368,Wednesday,8,2023,2023-08-23,Female,56,54 - 65,Clothing,4,300,1200
368,369,CUST369,Wednesday,11,2023,2023-11-15,Male,23,18 - 24,Electronics,3,500,1500
369,370,CUST370,Monday,10,2023,2023-10-16,Male,23,18 - 24,Electronics,2,30,60
370,371,CUST371,Tuesday,2,2023,2023-02-21,Female,20,18 - 24,Beauty,1,25,25
371,372,CUST372,Tuesday,2,2023,2023-02-07,Female,24,18 - 24,Beauty,3,500,1500
372,373,CUST373,Tuesday,10,2023,2023-10-03,Female,25,25 - 34,Beauty,2,300,600
373,374,CUST374,Thursday,4,2023,2023-04-20,Female,59,54 - 65,Beauty,3,25,75
374,375,CUST375,Sunday,9,2023,2023-09-17,Male,32,25 - 34,Clothing,1,50,50
375,376,CUST376,Tuesday,5,2023,2023-05-16,Female,64,54 - 65,Beauty,1,30,30
376,377,CUST377,Thursday,3,2023,2023-03-09,Female,46,45 - 54,Clothing,4,50,200
377,378,CUST378,Wednesday,6,2023,2023-06-28,Male,50,45 - 54,Beauty,1,300,300
378,379,CUST379,Sunday,2,2023,2023-02-05,Female,47,45 - 54,Clothing,1,25,25
379,380,CUST380,Saturday,5,2023,2023-05-06,Male,56,54 - 65,Electronics,2,300,600
380,381,CUST381,Sunday,7,2023,2023-07-09,Female,44,35 - 44,Clothing,4,25,100
381,382,CUST382,Friday,5,2023,2023-05-26,Female,53,45 - 54,Clothing,2,500,1000
382,383,CUST383,Wednesday,3,2023,2023-03-22,Female,46,45 - 54,Beauty,3,30,90
383,384,CUST384,Sunday,8,2023,2023-08-13,Male,55,54 - 65,Clothing,1,500,500
384,385,CUST385,Friday,10,2023,2023-10-06,Male,50,45 - 54,Electronics,3,500,1500
385,386,CUST386,Wednesday,12,2023,2023-12-27,Female,54,54 - 65,Electronics,2,300,600
386,387,CUST387,Sunday,6,2023,2023-06-04,Male,44,35 - 44,Beauty,1,30,30
387,388,CUST388,Friday,11,2023,2023-11-10,Male,50,45 - 54,Electronics,1,25,25
388,389,CUST389,Friday,12,2023,2023-12-01,Male,21,18 - 24,Clothing,2,25,50
389,390,CUST390,Thursday,9,2023,2023-09-28,Male,39,35 - 44,Electronics,2,50,100
390,391,CUST391,Thursday,1,2023,2023-01-05,Male,19,18 - 24,Beauty,2,25,50
391,392,CUST392,Friday,12,2023,2023-12-08,Male,27,25 - 34,Clothing,2,300,600
392,393,CUST393,Wednesday,10,2023,2023-10-11,Female,22,18 - 24,Beauty,2,500,1000
393,394,CUST394,Saturday,6,2023,2023-06-03,Female,27,25 - 34,Clothing,1,500,500
394,395,CUST395,Wednesday,12,2023,2023-12-06,Male,50,45 - 54,Electronics,2,500,1000
395,396,CUST396,Thursday,2,2023,2023-02-23,Female,55,54 - 65,Beauty,1,30,30
396,397,CUST397,Friday,3,2023,2023-03-10,Female,30,25 - 34,Beauty,1,25,25
397,398,CUST398,Tuesday,5,2023,2023-05-16,Female,48,45 - 54,Clothing,2,300,600
398,399,CUST399,Wednesday,3,2023,2023-03-01,Female,64,54 - 65,Beauty,2,30,60
399,400,CUST400,Friday,2,2023,2023-02-24,Male,53,45 - 54,Clothing,4,50,200
400,401,CUST401,Wednesday,10,2023,2023-10-11,Female,62,54 - 65,Clothing,1,300,300
401,402,CUST402,Tuesday,3,2023,2023-03-21,Female,41,35 - 44,Clothing,2,300,600
402,403,CUST403,Saturday,5,2023,2023-05-20,Male,32,25 - 34,Clothing,2,300,600
403,404,CUST404,Thursday,5,2023,2023-05-25,Male,46,45 - 54,Electronics,2,500,1000
404,405,CUST405,Monday,11,2023,2023-11-06,Female,25,25 - 34,Clothing,4,300,1200
405,406,CUST406,Tuesday,4,2023,2023-04-18,Female,22,18 - 24,Beauty,4,25,100
406,407,CUST407,Sunday,6,2023,2023-06-25,Female,46,45 - 54,Electronics,3,300,900
407,408,CUST408,Saturday,4,2023,2023-04-15,Female,64,54 - 65,Beauty,1,500,500
408,409,CUST409,Monday,12,2023,2023-12-18,Female,21,18 - 24,Electronics,3,300,900
409,410,CUST410,Tuesday,11,2023,2023-11-21,Female,29,25 - 34,Clothing,2,50,100
410,411,CUST411,Tuesday,5,2023,2023-05-16,Male,62,54 - 65,Electronics,4,50,200
411,412,CUST412,Saturday,9,2023,2023-09-16,Female,19,18 - 24,Electronics,4,500,2000
412,413,CUST413,Friday,9,2023,2023-09-08,Female,44,35 - 44,Beauty,3,25,75
413,414,CUST414,Tuesday,5,2023,2023-05-09,Male,48,45 - 54,Beauty,4,25,100
414,415,CUST415,Friday,1,2023,2023-01-27,Male,53,45 - 54,Clothing,2,30,60
415,416,CUST416,Friday,2,2023,2023-02-17,Male,53,45 - 54,Electronics,4,500,2000
416,417,CUST417,Tuesday,11,2023,2023-11-21,Male,43,35 - 44,Electronics,3,300,900
417,418,CUST418,Saturday,8,2023,2023-08-05,Female,60,54 - 65,Electronics,2,500,1000
418,419,CUST419,Monday,5,2023,2023-05-22,Female,44,35 - 44,Clothing,3,30,90
419,420,CUST420,Monday,1,2023,2023-01-23,Female,22,18 - 24,Clothing,4,500,2000
420,421,CUST421,Monday,1,2023,2023-01-02,Female,37,35 - 44,Clothing,3,500,1500
421,422,CUST422,Tuesday,6,2023,2023-06-20,Female,28,25 - 34,Clothing,3,30,90
422,423,CUST423,Wednesday,3,2023,2023-03-08,Female,27,25 - 34,Clothing,1,25,25
423,424,CUST424,Thursday,11,2023,2023-11-23,Male,57,54 - 65,Beauty,4,300,1200
424,425,CUST425,Monday,5,2023,2023-05-15,Female,55,54 - 65,Electronics,4,30,120
425,426,CUST426,Friday,3,2023,2023-03-24,Male,23,18 - 24,Electronics,3,50,150
426,427,CUST427,Tuesday,8,2023,2023-08-15,Male,25,25 - 34,Electronics,1,25,25
427,428,CUST428,Tuesday,10,2023,2023-10-10,Female,40,35 - 44,Electronics,4,50,200
428,429,CUST429,Thursday,12,2023,2023-12-28,Male,64,54 - 65,Electronics,2,25,50
429,430,CUST430,Monday,8,2023,2023-08-07,Female,43,35 - 44,Electronics,3,300,900
430,431,CUST431,Sunday,10,2023,2023-10-15,Male,63,54 - 65,Electronics,4,300,1200
431,432,CUST432,Thursday,1,2023,2023-01-05,Female,60,54 - 65,Electronics,2,500,1000
432,433,CUST433,Monday,2,2023,2023-02-27,Male,29,25 - 34,Beauty,4,50,200
433,434,CUST434,Wednesday,2,2023,2023-02-08,Female,43,35 - 44,Electronics,2,25,50
434,435,CUST435,Wednesday,12,2023,2023-12-20,Female,30,25 - 34,Beauty,3,300,900
435,436,CUST436,Saturday,3,2023,2023-03-18,Female,57,54 - 65,Clothing,4,30,120
436,437,CUST437,Saturday,10,2023,2023-10-07,Female,35,35 - 44,Electronics,4,300,1200
437,438,CUST438,Thursday,1,2023,2023-01-19,Female,42,35 - 44,Clothing,1,30,30
438,439,CUST439,Sunday,7,2023,2023-07-09,Male,50,45 - 54,Clothing,3,25,75
439,440,CUST440,Thursday,10,2023,2023-10-26,Male,64,54 - 65,Clothing,2,300,600
440,441,CUST441,Tuesday,10,2023,2023-10-10,Male,57,54 - 65,Beauty,4,300,1200
441,442,CUST442,Friday,3,2023,2023-03-17,Female,60,54 - 65,Clothing,4,25,100
442,443,CUST443,Wednesday,8,2023,2023-08-09,Male,29,25 - 34,Clothing,2,300,600
443,444,CUST444,Tuesday,3,2023,2023-03-07,Female,61,54 - 65,Clothing,3,30,90
444,445,CUST445,Sunday,1,2023,2023-01-22,Female,53,45 - 54,Electronics,1,300,300
445,446,CUST446,Wednesday,6,2023,2023-06-07,Male,21,18 - 24,Electronics,1,50,50
446,447,CUST447,Thursday,7,2023,2023-07-06,Male,22,18 - 24,Beauty,4,500,2000
447,448,CUST448,Saturday,1,2023,2023-01-21,Female,54,54 - 65,Beauty,2,30,60
448,449,CUST449,Monday,7,2023,2023-07-03,Male,25,25 - 34,Electronics,4,50,200
449,450,CUST450,Tuesday,4,2023,2023-04-18,Female,59,54 - 65,Beauty,2,25,50
450,451,CUST451,Saturday,12,2023,2023-12-16,Female,45,45 - 54,Electronics,1,30,30
451,452,CUST452,Monday,5,2023,2023-05-08,Female,48,45 - 54,Clothing,3,500,1500
452,453,CUST453,Friday,12,2023,2023-12-08,Female,26,25 - 34,Clothing,2,500,1000
453,454,CUST454,Wednesday,2,2023,2023-02-22,Female,46,45 - 54,Beauty,1,25,25
454,455,CUST455,Saturday,7,2023,2023-07-01,Male,31,25 - 34,Electronics,4,25,100
455,456,CUST456,Saturday,10,2023,2023-10-14,Male,57,54 - 65,Electronics,2,30,60
456,457,CUST457,Friday,7,2023,2023-07-28,Female,58,54 - 65,Beauty,3,300,900
457,458,CUST458,Tuesday,11,2023,2023-11-14,Female,39,35 - 44,Electronics,4,25,100
458,459,CUST459,Tuesday,3,2023,2023-03-21,Male,28,25 - 34,Clothing,4,300,1200
459,460,CUST460,Tuesday,5,2023,2023-05-02,Male,40,35 - 44,Beauty,1,50,50
460,461,CUST461,Saturday,3,2023,2023-03-25,Female,18,18 - 24,Beauty,2,500,1000
461,462,CUST462,Saturday,4,2023,2023-04-01,Male,63,54 - 65,Electronics,4,300,1200
462,463,CUST463,Monday,7,2023,2023-07-31,Female,54,54 - 65,Beauty,3,500,1500
463,464,CUST464,Friday,1,2023,2023-01-13,Male,38,35 - 44,Electronics,2,300,600
464,465,CUST465,Sunday,4,2023,2023-04-02,Female,43,35 - 44,Electronics,3,50,150
465,466,CUST466,Tuesday,6,2023,2023-06-20,Male,63,54 - 65,Electronics,4,25,100
466,467,CUST467,Sunday,7,2023,2023-07-30,Female,53,45 - 54,Electronics,3,50,150
467,468,CUST468,Saturday,12,2023,2023-12-09,Male,40,35 - 44,Electronics,1,25,25
468,469,CUST469,Monday,5,2023,2023-05-08,Male,18,18 - 24,Beauty,3,25,75
469,470,CUST470,Wednesday,5,2023,2023-05-17,Female,57,54 - 65,Clothing,2,500,1000
470,471,CUST471,Thursday,3,2023,2023-03-23,Male,32,25 - 34,Clothing,3,50,150
471,472,CUST472,Tuesday,12,2023,2023-12-26,Female,38,35 - 44,Beauty,3,300,900
472,473,CUST473,Saturday,2,2023,2023-02-25,Male,64,54 - 65,Beauty,1,50,50
473,474,CUST474,Saturday,7,2023,2023-07-15,Female,26,25 - 34,Clothing,3,500,1500
474,475,CUST475,Friday,1,2023,2023-01-20,Male,26,25 - 34,Clothing,3,25,75
475,476,CUST476,Tuesday,8,2023,2023-08-29,Female,27,25 - 34,Clothing,4,500,2000
476,477,CUST477,Monday,4,2023,2023-04-24,Male,43,35 - 44,Clothing,4,30,120
477,478,CUST478,Thursday,4,2023,2023-04-13,Female,58,54 - 65,Clothing,2,30,60
478,479,CUST479,Thursday,8,2023,2023-08-24,Male,52,45 - 54,Electronics,4,300,1200
479,480,CUST480,Thursday,6,2023,2023-06-29,Female,42,35 - 44,Beauty,4,500,2000
480,481,CUST481,Tuesday,6,2023,2023-06-06,Female,43,35 - 44,Electronics,4,300,1200
481,482,CUST482,Thursday,4,2023,2023-04-27,Female,28,25 - 34,Clothing,4,300,1200
482,483,CUST483,Tuesday,4,2023,2023-04-25,Male,55,54 - 65,Clothing,1,30,30
483,484,CUST484,Friday,1,2023,2023-01-13,Female,19,18 - 24,Clothing,4,300,1200
484,485,CUST485,Monday,12,2023,2023-12-04,Male,24,18 - 24,Electronics,1,30,30
485,486,CUST486,Sunday,4,2023,2023-04-09,Female,35,35 - 44,Electronics,1,25,25
486,487,CUST487,Monday,7,2023,2023-07-24,Male,44,35 - 44,Clothing,4,500,2000
487,488,CUST488,Sunday,6,2023,2023-06-18,Female,51,45 - 54,Electronics,3,300,900
488,489,CUST489,Tuesday,5,2023,2023-05-23,Male,44,35 - 44,Electronics,1,30,30
489,490,CUST490,Sunday,2,2023,2023-02-05,Male,34,25 - 34,Clothing,3,50,150
490,491,CUST491,Tuesday,5,2023,2023-05-23,Female,60,54 - 65,Electronics,3,300,900
491,492,CUST492,Thursday,6,2023,2023-06-29,Male,61,54 - 65,Beauty,4,25,100
492,493,CUST493,Saturday,11,2023,2023-11-25,Male,41,35 - 44,Beauty,2,25,50
493,494,CUST494,Monday,9,2023,2023-09-18,Female,42,35 - 44,Beauty,4,50,200
494,495,CUST495,Monday,7,2023,2023-07-24,Male,24,18 - 24,Beauty,2,30,60
495,496,CUST496,Thursday,12,2023,2023-12-14,Male,23,18 - 24,Clothing,2,300,600
496,497,CUST497,Monday,10,2023,2023-10-02,Male,41,35 - 44,Clothing,4,30,120
497,498,CUST498,Monday,6,2023,2023-06-19,Female,50,45 - 54,Clothing,4,25,100
498,499,CUST499,Sunday,1,2023,2023-01-15,Male,46,45 - 54,Beauty,2,30,60
499,500,CUST500,Wednesday,3,2023,2023-03-01,Female,60,54 - 65,Beauty,4,25,100
500,501,CUST501,Sunday,5,2023,2023-05-14,Male,39,35 - 44,Electronics,2,30,60
501,502,CUST502,Sunday,4,2023,2023-04-02,Male,43,35 - 44,Electronics,3,50,150
502,503,CUST503,Wednesday,10,2023,2023-10-25,Male,45,45 - 54,Beauty,4,500,2000
503,504,CUST504,Tuesday,5,2023,2023-05-16,Female,38,35 - 44,Beauty,3,50,150
504,505,CUST505,Friday,1,2023,2023-01-20,Male,24,18 - 24,Beauty,1,50,50
505,506,CUST506,Saturday,2,2023,2023-02-25,Male,34,25 - 34,Beauty,3,500,1500
506,507,CUST507,Thursday,11,2023,2023-11-02,Female,37,35 - 44,Electronics,3,500,1500
507,508,CUST508,Friday,8,2023,2023-08-11,Male,58,54 - 65,Beauty,2,300,600
508,509,CUST509,Monday,6,2023,2023-06-26,Female,37,35 - 44,Electronics,3,300,900
509,510,CUST510,Saturday,6,2023,2023-06-10,Female,39,35 - 44,Beauty,4,50,200
510,511,CUST511,Saturday,8,2023,2023-08-12,Male,45,45 - 54,Beauty,2,50,100
511,512,CUST512,Tuesday,11,2023,2023-11-07,Female,57,54 - 65,Beauty,1,25,25
512,513,CUST513,Tuesday,9,2023,2023-09-19,Male,24,18 - 24,Electronics,4,25,100
513,514,CUST514,Wednesday,3,2023,2023-03-01,Female,18,18 - 24,Electronics,1,300,300
514,515,CUST515,Monday,7,2023,2023-07-17,Female,49,45 - 54,Clothing,3,300,900
515,516,CUST516,Monday,10,2023,2023-10-23,Male,30,25 - 34,Beauty,4,25,100
516,517,CUST517,Saturday,4,2023,2023-04-08,Female,47,45 - 54,Clothing,4,25,100
517,518,CUST518,Thursday,5,2023,2023-05-11,Female,40,35 - 44,Clothing,1,30,30
518,519,CUST519,Monday,1,2023,2023-01-23,Female,36,35 - 44,Electronics,4,30,120
519,520,CUST520,Friday,12,2023,2023-12-29,Female,49,45 - 54,Electronics,4,25,100
520,521,CUST521,Saturday,8,2023,2023-08-12,Female,47,45 - 54,Clothing,4,30,120
521,522,CUST522,Sunday,1,2023,2023-01-01,Male,46,45 - 54,Beauty,3,500,1500
522,523,CUST523,Sunday,9,2023,2023-09-24,Female,62,54 - 65,Electronics,1,300,300
523,524,CUST524,Tuesday,10,2023,2023-10-03,Male,46,45 - 54,Beauty,4,300,1200
524,525,CUST525,Monday,12,2023,2023-12-18,Female,47,45 - 54,Beauty,2,25,50
525,526,CUST526,Sunday,12,2023,2023-12-10,Male,33,25 - 34,Clothing,2,50,100
526,527,CUST527,Tuesday,4,2023,2023-04-11,Male,57,54 - 65,Clothing,2,25,50
527,528,CUST528,Thursday,7,2023,2023-07-06,Female,36,35 - 44,Clothing,2,30,60
528,529,CUST529,Wednesday,8,2023,2023-08-09,Female,35,35 - 44,Clothing,3,50,150
529,530,CUST530,Sunday,2,2023,2023-02-05,Female,18,18 - 24,Electronics,4,30,120
530,531,CUST531,Thursday,12,2023,2023-12-07,Male,31,25 - 34,Electronics,1,500,500
531,532,CUST532,Monday,6,2023,2023-06-19,Female,64,54 - 65,Clothing,4,30,120
532,533,CUST533,Thursday,11,2023,2023-11-16,Male,19,18 - 24,Electronics,3,500,1500
533,534,CUST534,Saturday,6,2023,2023-06-10,Male,45,45 - 54,Clothing,2,500,1000
534,535,CUST535,Wednesday,12,2023,2023-12-06,Male,47,45 - 54,Beauty,3,30,90
535,536,CUST536,Sunday,3,2023,2023-03-05,Female,55,54 - 65,Beauty,4,30,120
536,537,CUST537,Saturday,6,2023,2023-06-03,Female,21,18 - 24,Beauty,1,500,500
537,538,CUST538,Sunday,9,2023,2023-09-17,Male,18,18 - 24,Clothing,3,50,150
538,539,CUST539,Thursday,6,2023,2023-06-08,Male,25,25 - 34,Beauty,1,500,500
539,540,CUST540,Friday,12,2023,2023-12-08,Female,46,45 - 54,Electronics,3,300,900
540,541,CUST541,Saturday,7,2023,2023-07-29,Male,56,54 - 65,Beauty,1,500,500
541,542,CUST542,Saturday,6,2023,2023-06-17,Female,20,18 - 24,Beauty,1,50,50
542,543,CUST543,Wednesday,7,2023,2023-07-26,Male,49,45 - 54,Beauty,2,300,600
543,544,CUST544,Saturday,12,2023,2023-12-23,Female,27,25 - 34,Electronics,1,25,25
544,545,CUST545,Thursday,6,2023,2023-06-01,Male,27,25 - 34,Clothing,2,25,50
545,546,CUST546,Wednesday,10,2023,2023-10-11,Female,36,35 - 44,Electronics,4,50,200
546,547,CUST547,Tuesday,3,2023,2023-03-07,Male,63,54 - 65,Clothing,4,500,2000
547,548,CUST548,Sunday,4,2023,2023-04-09,Female,51,45 - 54,Clothing,2,30,60
548,549,CUST549,Friday,8,2023,2023-08-04,Female,50,45 - 54,Beauty,2,50,100
549,550,CUST550,Thursday,12,2023,2023-12-07,Male,40,35 - 44,Clothing,3,300,900
550,551,CUST551,Friday,7,2023,2023-07-14,Male,45,45 - 54,Electronics,3,300,900
551,552,CUST552,Wednesday,12,2023,2023-12-13,Female,49,45 - 54,Electronics,3,25,75
552,553,CUST553,Friday,3,2023,2023-03-31,Male,24,18 - 24,Clothing,4,300,1200
553,554,CUST554,Sunday,11,2023,2023-11-12,Female,46,45 - 54,Beauty,3,50,150
554,555,CUST555,Thursday,10,2023,2023-10-19,Male,25,25 - 34,Beauty,1,300,300
555,556,CUST556,Sunday,6,2023,2023-06-04,Female,18,18 - 24,Electronics,1,50,50
556,557,CUST557,Thursday,7,2023,2023-07-27,Female,20,18 - 24,Beauty,3,30,90
557,558,CUST558,Sunday,10,2023,2023-10-08,Female,41,35 - 44,Clothing,1,25,25
558,559,CUST559,Sunday,1,2023,2023-01-01,Female,40,35 - 44,Clothing,4,300,1200
559,560,CUST560,Monday,6,2023,2023-06-05,Female,25,25 - 34,Electronics,1,50,50
560,561,CUST561,Saturday,5,2023,2023-05-27,Female,64,54 - 65,Clothing,4,500,2000
561,562,CUST562,Tuesday,4,2023,2023-04-18,Male,54,54 - 65,Electronics,2,25,50
562,563,CUST563,Wednesday,8,2023,2023-08-09,Male,20,18 - 24,Clothing,2,30,60
563,564,CUST564,Tuesday,10,2023,2023-10-24,Male,50,45 - 54,Electronics,2,50,100
564,565,CUST565,Tuesday,11,2023,2023-11-07,Female,45,45 - 54,Beauty,2,30,60
565,566,CUST566,Saturday,12,2023,2023-12-02,Female,64,54 - 65,Clothing,1,30,30
566,567,CUST567,Wednesday,6,2023,2023-06-14,Female,25,25 - 34,Clothing,3,300,900
567,568,CUST568,Sunday,8,2023,2023-08-27,Female,51,45 - 54,Electronics,1,300,300
568,569,CUST569,Tuesday,8,2023,2023-08-15,Male,52,45 - 54,Electronics,4,50,200
569,570,CUST570,Tuesday,8,2023,2023-08-15,Male,49,45 - 54,Clothing,1,500,500
570,571,CUST571,Tuesday,12,2023,2023-12-12,Female,41,35 - 44,Electronics,1,50,50
571,572,CUST572,Thursday,4,2023,2023-04-20,Male,31,25 - 34,Clothing,4,500,2000
572,573,CUST573,Tuesday,9,2023,2023-09-19,Male,49,45 - 54,Beauty,2,30,60
573,574,CUST574,Thursday,8,2023,2023-08-31,Female,63,54 - 65,Electronics,2,25,50
574,575,CUST575,Tuesday,3,2023,2023-03-28,Male,60,54 - 65,Clothing,2,50,100
575,576,CUST576,Monday,12,2023,2023-12-04,Female,33,25 - 34,Beauty,3,50,150
576,577,CUST577,Monday,2,2023,2023-02-13,Male,21,18 - 24,Beauty,4,500,2000
577,578,CUST578,Friday,5,2023,2023-05-26,Female,54,54 - 65,Clothing,4,30,120
578,579,CUST579,Thursday,9,2023,2023-09-21,Female,38,35 - 44,Electronics,1,30,30
579,580,CUST580,Wednesday,12,2023,2023-12-06,Female,31,25 - 34,Clothing,3,500,1500
580,581,CUST581,Tuesday,11,2023,2023-11-21,Female,48,45 - 54,Beauty,2,30,60
581,582,CUST582,Tuesday,11,2023,2023-11-14,Male,35,35 - 44,Clothing,3,300,900
582,583,CUST583,Wednesday,6,2023,2023-06-21,Female,24,18 - 24,Electronics,4,25,100
583,584,CUST584,Friday,2,2023,2023-02-17,Female,27,25 - 34,Beauty,4,50,200
584,585,CUST585,Monday,5,2023,2023-05-01,Female,24,18 - 24,Clothing,1,25,25
585,586,CUST586,Monday,12,2023,2023-12-11,Male,50,45 - 54,Electronics,1,50,50
586,587,CUST587,Thursday,6,2023,2023-06-08,Female,40,35 - 44,Beauty,4,300,1200
587,588,CUST588,Wednesday,4,2023,2023-04-26,Male,38,35 - 44,Electronics,2,30,60
588,589,CUST589,Wednesday,4,2023,2023-04-12,Female,36,35 - 44,Beauty,2,500,1000
589,590,CUST590,Friday,3,2023,2023-03-17,Male,36,35 - 44,Clothing,3,300,900
590,591,CUST591,Friday,1,2023,2023-01-13,Male,53,45 - 54,Electronics,4,25,100
591,592,CUST592,Tuesday,1,2023,2023-01-24,Female,46,45 - 54,Beauty,4,500,2000
592,593,CUST593,Saturday,5,2023,2023-05-06,Male,35,35 - 44,Electronics,2,30,60
593,594,CUST594,Friday,9,2023,2023-09-01,Female,19,18 - 24,Electronics,2,300,600
594,595,CUST595,Thursday,11,2023,2023-11-09,Female,18,18 - 24,Clothing,4,500,2000
595,596,CUST596,Tuesday,2,2023,2023-02-07,Female,64,54 - 65,Electronics,1,300,300
596,597,CUST597,Tuesday,8,2023,2023-08-22,Male,22,18 - 24,Beauty,4,300,1200
597,598,CUST598,Tuesday,8,2023,2023-08-01,Male,37,35 - 44,Beauty,4,30,120
598,599,CUST599,Sunday,11,2023,2023-11-19,Female,28,25 - 34,Beauty,2,50,100
599,600,CUST600,Sunday,10,2023,2023-10-22,Female,59,54 - 65,Beauty,2,500,1000
600,601,CUST601,Monday,4,2023,2023-04-10,Male,19,18 - 24,Clothing,1,30,30
601,602,CUST602,Saturday,12,2023,2023-12-23,Female,20,18 - 24,Electronics,1,300,300
602,603,CUST603,Sunday,7,2023,2023-07-16,Female,40,35 - 44,Clothing,3,30,90
603,604,CUST604,Monday,9,2023,2023-09-11,Female,29,25 - 34,Electronics,4,50,200
604,605,CUST605,Monday,7,2023,2023-07-24,Male,37,35 - 44,Electronics,2,500,1000
605,606,CUST606,Friday,5,2023,2023-05-05,Male,22,18 - 24,Electronics,1,50,50
606,607,CUST607,Friday,3,2023,2023-03-17,Male,54,54 - 65,Clothing,3,25,75
607,608,CUST608,Saturday,12,2023,2023-12-02,Female,55,54 - 65,Electronics,3,500,1500
608,609,CUST609,Tuesday,12,2023,2023-12-19,Female,47,45 - 54,Clothing,2,50,100
609,610,CUST610,Tuesday,1,2023,2023-01-03,Female,26,25 - 34,Beauty,2,300,600
610,611,CUST611,Friday,2,2023,2023-02-24,Male,51,45 - 54,Beauty,3,500,1500
611,612,CUST612,Sunday,8,2023,2023-08-06,Female,61,54 - 65,Electronics,1,500,500
612,613,CUST613,Sunday,4,2023,2023-04-23,Female,52,45 - 54,Clothing,3,30,90
613,614,CUST614,Saturday,4,2023,2023-04-01,Female,39,35 - 44,Beauty,4,300,1200
614,615,CUST615,Saturday,12,2023,2023-12-23,Female,61,54 - 65,Clothing,4,25,100
615,616,CUST616,Saturday,9,2023,2023-09-23,Male,41,35 - 44,Clothing,2,50,100
616,617,CUST617,Saturday,8,2023,2023-08-26,Male,34,25 - 34,Electronics,1,30,30
617,618,CUST618,Thursday,1,2023,2023-01-26,Female,27,25 - 34,Beauty,1,50,50
618,619,CUST619,Friday,10,2023,2023-10-13,Male,47,45 - 54,Electronics,4,25,100
619,620,CUST620,Monday,5,2023,2023-05-08,Male,63,54 - 65,Electronics,3,25,75
620,621,CUST621,Saturday,3,2023,2023-03-04,Female,40,35 - 44,Beauty,2,500,1000
621,622,CUST622,Tuesday,8,2023,2023-08-22,Female,49,45 - 54,Beauty,3,25,75
622,623,CUST623,Friday,3,2023,2023-03-10,Male,34,25 - 34,Clothing,3,50,150
623,624,CUST624,Saturday,8,2023,2023-08-26,Female,34,25 - 34,Beauty,3,300,900
624,625,CUST625,Friday,12,2023,2023-12-08,Male,31,25 - 34,Clothing,1,300,300
625,626,CUST626,Friday,9,2023,2023-09-29,Female,26,25 - 34,Clothing,4,500,2000
626,627,CUST627,Saturday,10,2023,2023-10-14,Male,57,54 - 65,Clothing,1,50,50
627,628,CUST628,Wednesday,11,2023,2023-11-01,Female,19,18 - 24,Beauty,4,50,200
628,629,CUST629,Monday,6,2023,2023-06-12,Male,62,54 - 65,Electronics,2,25,50
629,630,CUST630,Tuesday,8,2023,2023-08-15,Male,42,35 - 44,Clothing,2,50,100
630,631,CUST631,Friday,11,2023,2023-11-10,Male,56,54 - 65,Electronics,3,30,90
631,632,CUST632,Saturday,9,2023,2023-09-16,Female,26,25 - 34,Electronics,4,25,100
632,633,CUST633,Monday,8,2023,2023-08-07,Male,39,35 - 44,Beauty,4,30,120
633,634,CUST634,Sunday,10,2023,2023-10-08,Male,60,54 - 65,Electronics,4,500,2000
634,635,CUST635,Thursday,8,2023,2023-08-17,Female,63,54 - 65,Electronics,3,300,900
635,636,CUST636,Thursday,3,2023,2023-03-23,Female,21,18 - 24,Beauty,3,500,1500
636,637,CUST637,Friday,9,2023,2023-09-01,Male,43,35 - 44,Clothing,2,300,600
637,638,CUST638,Saturday,8,2023,2023-08-19,Male,46,45 - 54,Electronics,1,500,500
638,639,CUST639,Saturday,5,2023,2023-05-13,Female,62,54 - 65,Beauty,4,50,200
639,640,CUST640,Sunday,5,2023,2023-05-07,Female,51,45 - 54,Electronics,4,30,120
640,641,CUST641,Thursday,11,2023,2023-11-23,Female,40,35 - 44,Electronics,1,300,300
641,642,CUST642,Monday,5,2023,2023-05-22,Female,54,54 - 65,Clothing,4,25,100
642,643,CUST643,Sunday,9,2023,2023-09-24,Female,28,25 - 34,Electronics,3,30,90
643,644,CUST644,Wednesday,9,2023,2023-09-06,Male,23,18 - 24,Beauty,3,25,75
644,645,CUST645,Friday,11,2023,2023-11-17,Female,35,35 - 44,Electronics,4,30,120
645,646,CUST646,Wednesday,5,2023,2023-05-03,Male,38,35 - 44,Clothing,3,30,90
646,647,CUST647,Sunday,5,2023,2023-05-21,Male,59,54 - 65,Clothing,3,500,1500
647,648,CUST648,Monday,8,2023,2023-08-14,Male,53,45 - 54,Beauty,4,300,1200
648,649,CUST649,Thursday,2,2023,2023-02-09,Female,58,54 - 65,Clothing,2,300,600
649,650,CUST650,Monday,1,2024,2024-01-01,Male,55,54 - 65,Electronics,1,30,30
650,651,CUST651,Saturday,5,2023,2023-05-27,Male,51,45 - 54,Clothing,3,50,150
651,652,CUST652,Monday,5,2023,2023-05-01,Female,34,25 - 34,Beauty,2,50,100
652,653,CUST653,Saturday,5,2023,2023-05-20,Male,54,54 - 65,Clothing,3,25,75
653,654,CUST654,Wednesday,6,2023,2023-06-21,Male,42,35 - 44,Clothing,3,25,75
654,655,CUST655,Tuesday,6,2023,2023-06-13,Female,55,54 - 65,Clothing,1,500,500
655,656,CUST656,Wednesday,10,2023,2023-10-04,Male,29,25 - 34,Beauty,3,30,90
656,657,CUST657,Saturday,2,2023,2023-02-11,Male,40,35 - 44,Clothing,1,25,25
657,658,CUST658,Sunday,3,2023,2023-03-12,Male,59,54 - 65,Clothing,1,25,25
658,659,CUST659,Sunday,3,2023,2023-03-19,Female,39,35 - 44,Electronics,1,30,30
659,660,CUST660,Saturday,4,2023,2023-04-29,Female,38,35 - 44,Beauty,2,500,1000
660,661,CUST661,Sunday,7,2023,2023-07-16,Female,44,35 - 44,Clothing,4,25,100
661,662,CUST662,Friday,12,2023,2023-12-22,Male,48,45 - 54,Beauty,2,500,1000
662,663,CUST663,Monday,3,2023,2023-03-20,Male,23,18 - 24,Clothing,4,300,1200
663,664,CUST664,Thursday,12,2023,2023-12-28,Female,44,35 - 44,Clothing,4,500,2000
664,665,CUST665,Thursday,4,2023,2023-04-20,Male,57,54 - 65,Clothing,1,50,50
665,666,CUST666,Thursday,2,2023,2023-02-02,Male,51,45 - 54,Electronics,3,50,150
666,667,CUST667,Tuesday,8,2023,2023-08-01,Female,29,25 - 34,Electronics,1,500,500
667,668,CUST668,Friday,7,2023,2023-07-28,Female,62,54 - 65,Electronics,3,50,150
668,669,CUST669,Monday,6,2023,2023-06-19,Male,24,18 - 24,Beauty,4,300,1200
669,670,CUST670,Thursday,10,2023,2023-10-05,Male,27,25 - 34,Beauty,1,30,30
670,671,CUST671,Sunday,8,2023,2023-08-27,Male,62,54 - 65,Electronics,3,50,150
671,672,CUST672,Tuesday,8,2023,2023-08-01,Female,34,25 - 34,Beauty,2,50,100
672,673,CUST673,Wednesday,2,2023,2023-02-01,Female,43,35 - 44,Clothing,3,500,1500
673,674,CUST674,Sunday,4,2023,2023-04-16,Female,38,35 - 44,Clothing,1,300,300
674,675,CUST675,Friday,8,2023,2023-08-04,Female,45,45 - 54,Clothing,2,30,60
675,676,CUST676,Wednesday,7,2023,2023-07-19,Male,63,54 - 65,Electronics,3,500,1500
676,677,CUST677,Friday,10,2023,2023-10-27,Female,19,18 - 24,Beauty,3,500,1500
677,678,CUST678,Saturday,12,2023,2023-12-23,Female,60,54 - 65,Electronics,3,300,900
678,679,CUST679,Wednesday,1,2023,2023-01-11,Female,18,18 - 24,Beauty,3,30,90
679,680,CUST680,Sunday,10,2023,2023-10-22,Female,53,45 - 54,Clothing,3,300,900
680,681,CUST681,Friday,7,2023,2023-07-14,Female,43,35 - 44,Electronics,2,30,60
681,682,CUST682,Saturday,9,2023,2023-09-02,Male,46,45 - 54,Beauty,4,300,1200
682,683,CUST683,Wednesday,1,2023,2023-01-04,Male,38,35 - 44,Beauty,2,500,1000
683,684,CUST684,Friday,6,2023,2023-06-30,Female,28,25 - 34,Clothing,2,500,1000
684,685,CUST685,Friday,6,2023,2023-06-02,Male,57,54 - 65,Electronics,2,25,50
685,686,CUST686,Wednesday,7,2023,2023-07-19,Female,28,25 - 34,Electronics,4,50,200
686,687,CUST687,Thursday,8,2023,2023-08-03,Female,53,45 - 54,Electronics,1,300,300
687,688,CUST688,Tuesday,10,2023,2023-10-03,Male,56,54 - 65,Clothing,4,25,100
688,689,CUST689,Saturday,10,2023,2023-10-07,Male,57,54 - 65,Electronics,2,50,100
689,690,CUST690,Sunday,11,2023,2023-11-05,Female,52,45 - 54,Clothing,3,300,900
690,691,CUST691,Sunday,4,2023,2023-04-23,Female,51,45 - 54,Clothing,3,30,90
691,692,CUST692,Thursday,9,2023,2023-09-07,Female,64,54 - 65,Clothing,2,50,100
692,693,CUST693,Sunday,4,2023,2023-04-23,Male,41,35 - 44,Beauty,3,500,1500
693,694,CUST694,Saturday,5,2023,2023-05-20,Female,39,35 - 44,Electronics,2,25,50
694,695,CUST695,Saturday,8,2023,2023-08-12,Female,22,18 - 24,Electronics,3,50,150
695,696,CUST696,Wednesday,9,2023,2023-09-06,Female,50,45 - 54,Clothing,4,50,200
696,697,CUST697,Sunday,1,2023,2023-01-15,Male,53,45 - 54,Clothing,1,500,500
697,698,CUST698,Wednesday,7,2023,2023-07-19,Female,64,54 - 65,Electronics,1,300,300
698,699,CUST699,Thursday,6,2023,2023-06-22,Female,37,35 - 44,Clothing,4,30,120
699,700,CUST700,Saturday,12,2023,2023-12-09,Male,36,35 - 44,Electronics,4,500,2000
700,701,CUST701,Thursday,12,2023,2023-12-14,Female,52,45 - 54,Beauty,2,30,60
701,702,CUST702,Thursday,7,2023,2023-07-27,Female,60,54 - 65,Clothing,2,300,600
702,703,CUST703,Sunday,3,2023,2023-03-26,Male,34,25 - 34,Electronics,2,50,100
703,704,CUST704,Monday,8,2023,2023-08-28,Female,62,54 - 65,Clothing,3,30,90
704,705,CUST705,Tuesday,3,2023,2023-03-07,Male,60,54 - 65,Electronics,2,25,50
705,706,CUST706,Wednesday,11,2023,2023-11-15,Male,51,45 - 54,Electronics,4,25,100
706,707,CUST707,Sunday,10,2023,2023-10-01,Female,26,25 - 34,Clothing,1,500,500
707,708,CUST708,Saturday,1,2023,2023-01-14,Female,43,35 - 44,Beauty,3,300,900
708,709,CUST709,Friday,7,2023,2023-07-21,Female,19,18 - 24,Electronics,2,500,1000
709,710,CUST710,Tuesday,10,2023,2023-10-31,Female,26,25 - 34,Electronics,3,500,1500
710,711,CUST711,Monday,10,2023,2023-10-16,Male,26,25 - 34,Electronics,3,500,1500
711,712,CUST712,Wednesday,12,2023,2023-12-06,Female,57,54 - 65,Beauty,2,25,50
712,713,CUST713,Saturday,1,2023,2023-01-14,Male,34,25 - 34,Beauty,3,25,75
713,714,CUST714,Sunday,2,2023,2023-02-12,Female,18,18 - 24,Clothing,1,500,500
714,715,CUST715,Sunday,11,2023,2023-11-26,Female,42,35 - 44,Beauty,4,25,100
715,716,CUST716,Tuesday,8,2023,2023-08-08,Female,60,54 - 65,Clothing,4,300,1200
716,717,CUST717,Saturday,3,2023,2023-03-11,Male,57,54 - 65,Clothing,1,500,500
717,718,CUST718,Friday,8,2023,2023-08-25,Female,59,54 - 65,Beauty,3,25,75
718,719,CUST719,Tuesday,4,2023,2023-04-04,Female,42,35 - 44,Clothing,2,30,60
719,720,CUST720,Thursday,1,2023,2023-01-26,Female,56,54 - 65,Beauty,3,500,1500
720,721,CUST721,Sunday,5,2023,2023-05-14,Female,52,45 - 54,Clothing,1,500,500
721,722,CUST722,Friday,7,2023,2023-07-14,Male,20,18 - 24,Beauty,3,300,900
722,723,CUST723,Saturday,6,2023,2023-06-17,Female,54,54 - 65,Beauty,4,50,200
723,724,CUST724,Wednesday,4,2023,2023-04-19,Male,61,54 - 65,Clothing,3,50,150
724,725,CUST725,Monday,8,2023,2023-08-21,Male,61,54 - 65,Electronics,1,300,300
725,726,CUST726,Saturday,6,2023,2023-06-17,Male,47,45 - 54,Clothing,4,300,1200
726,727,CUST727,Thursday,6,2023,2023-06-22,Male,55,54 - 65,Beauty,3,300,900
727,728,CUST728,Friday,7,2023,2023-07-14,Male,51,45 - 54,Electronics,3,50,150
728,729,CUST729,Tuesday,5,2023,2023-05-23,Male,29,25 - 34,Clothing,4,300,1200
729,730,CUST730,Friday,8,2023,2023-08-04,Female,36,35 - 44,Clothing,2,25,50
730,731,CUST731,Wednesday,5,2023,2023-05-10,Male,54,54 - 65,Clothing,4,500,2000
731,732,CUST732,Saturday,2,2023,2023-02-11,Male,61,54 - 65,Electronics,2,500,1000
732,733,CUST733,Tuesday,8,2023,2023-08-29,Male,34,25 - 34,Beauty,1,30,30
733,734,CUST734,Tuesday,1,2023,2023-01-10,Female,27,25 - 34,Clothing,1,30,30
734,735,CUST735,Wednesday,10,2023,2023-10-04,Female,64,54 - 65,Clothing,4,500,2000
735,736,CUST736,Friday,1,2023,2023-01-27,Male,29,25 - 34,Clothing,4,25,100
736,737,CUST737,Thursday,6,2023,2023-06-29,Female,33,25 - 34,Clothing,1,50,50
737,738,CUST738,Tuesday,4,2023,2023-04-25,Male,41,35 - 44,Clothing,2,50,100
738,739,CUST739,Wednesday,11,2023,2023-11-29,Male,36,35 - 44,Beauty,1,25,25
739,740,CUST740,Sunday,2,2023,2023-02-05,Female,25,25 - 34,Beauty,4,50,200
740,741,CUST741,Thursday,11,2023,2023-11-30,Male,48,45 - 54,Clothing,1,300,300
741,742,CUST742,Saturday,1,2023,2023-01-21,Female,38,35 - 44,Electronics,4,500,2000
742,743,CUST743,Monday,1,2023,2023-01-16,Female,34,25 - 34,Beauty,4,500,2000
743,744,CUST744,Sunday,5,2023,2023-05-07,Male,40,35 - 44,Electronics,1,25,25
744,745,CUST745,Thursday,4,2023,2023-04-13,Male,54,54 - 65,Beauty,2,50,100
745,746,CUST746,Wednesday,1,2023,2023-01-11,Female,33,25 - 34,Clothing,3,30,90
746,747,CUST747,Wednesday,11,2023,2023-11-15,Male,23,18 - 24,Beauty,1,30,30
747,748,CUST748,Monday,3,2023,2023-03-20,Male,25,25 - 34,Clothing,3,50,150
748,749,CUST749,Wednesday,5,2023,2023-05-03,Male,42,35 - 44,Beauty,1,30,30
749,750,CUST750,Monday,3,2023,2023-03-06,Female,35,35 - 44,Clothing,3,25,75
750,751,CUST751,Thursday,8,2023,2023-08-31,Female,42,35 - 44,Clothing,2,25,50
751,752,CUST752,Saturday,12,2023,2023-12-09,Male,29,25 - 34,Clothing,2,50,100
752,753,CUST753,Tuesday,2,2023,2023-02-28,Female,32,25 - 34,Clothing,1,30,30
753,754,CUST754,Monday,10,2023,2023-10-16,Female,43,35 - 44,Electronics,4,25,100
754,755,CUST755,Saturday,4,2023,2023-04-22,Female,58,54 - 65,Clothing,3,25,75
755,756,CUST756,Sunday,8,2023,2023-08-27,Female,62,54 - 65,Electronics,4,300,1200
756,757,CUST757,Monday,12,2023,2023-12-25,Female,43,35 - 44,Electronics,4,300,1200
757,758,CUST758,Friday,5,2023,2023-05-12,Male,64,54 - 65,Clothing,4,25,100
758,759,CUST759,Saturday,7,2023,2023-07-08,Male,49,45 - 54,Electronics,2,50,100
759,760,CUST760,Monday,3,2023,2023-03-27,Male,27,25 - 34,Beauty,1,500,500
760,761,CUST761,Tuesday,11,2023,2023-11-07,Female,33,25 - 34,Clothing,1,500,500
761,762,CUST762,Tuesday,11,2023,2023-11-07,Female,24,18 - 24,Electronics,2,25,50
762,763,CUST763,Tuesday,2,2023,2023-02-28,Male,34,25 - 34,Clothing,2,25,50
763,764,CUST764,Saturday,3,2023,2023-03-25,Female,40,35 - 44,Clothing,1,25,25
764,765,CUST765,Friday,6,2023,2023-06-09,Male,43,35 - 44,Clothing,4,50,200
765,766,CUST766,Saturday,2,2023,2023-02-25,Male,38,35 - 44,Electronics,3,300,900
766,767,CUST767,Tuesday,10,2023,2023-10-24,Male,39,35 - 44,Beauty,3,25,75
767,768,CUST768,Saturday,1,2023,2023-01-14,Female,24,18 - 24,Beauty,3,25,75
768,769,CUST769,Friday,6,2023,2023-06-09,Female,31,25 - 34,Electronics,4,30,120
769,770,CUST770,Sunday,10,2023,2023-10-22,Male,32,25 - 34,Clothing,1,50,50
770,771,CUST771,Wednesday,12,2023,2023-12-13,Male,24,18 - 24,Electronics,2,25,50
771,772,CUST772,Wednesday,7,2023,2023-07-12,Male,26,25 - 34,Electronics,1,30,30
772,773,CUST773,Sunday,7,2023,2023-07-23,Male,25,25 - 34,Electronics,4,500,2000
773,774,CUST774,Wednesday,4,2023,2023-04-12,Female,40,35 - 44,Clothing,2,25,50
774,775,CUST775,Wednesday,2,2023,2023-02-08,Female,46,45 - 54,Electronics,4,25,100
775,776,CUST776,Tuesday,10,2023,2023-10-31,Male,35,35 - 44,Clothing,3,30,90
776,777,CUST777,Wednesday,12,2023,2023-12-20,Male,48,45 - 54,Electronics,3,50,150
777,778,CUST778,Saturday,11,2023,2023-11-18,Female,47,45 - 54,Beauty,4,25,100
778,779,CUST779,Friday,5,2023,2023-05-05,Female,56,54 - 65,Electronics,2,500,1000
779,780,CUST780,Wednesday,2,2023,2023-02-22,Male,52,45 - 54,Electronics,2,25,50
780,781,CUST781,Saturday,12,2023,2023-12-23,Male,35,35 - 44,Beauty,1,500,500
781,782,CUST782,Sunday,6,2023,2023-06-04,Male,59,54 - 65,Clothing,3,300,900
782,783,CUST783,Sunday,12,2023,2023-12-17,Female,56,54 - 65,Clothing,1,300,300
783,784,CUST784,Saturday,11,2023,2023-11-04,Female,34,25 - 34,Electronics,1,500,500
784,785,CUST785,Friday,3,2023,2023-03-03,Female,31,25 - 34,Beauty,4,50,200
785,786,CUST786,Tuesday,10,2023,2023-10-17,Male,48,45 - 54,Clothing,4,25,100
786,787,CUST787,Sunday,1,2023,2023-01-22,Male,41,35 - 44,Electronics,1,25,25
787,788,CUST788,Tuesday,6,2023,2023-06-27,Female,52,45 - 54,Beauty,3,300,900
788,789,CUST789,Saturday,9,2023,2023-09-30,Female,61,54 - 65,Clothing,4,500,2000
789,790,CUST790,Tuesday,8,2023,2023-08-08,Male,62,54 - 65,Clothing,1,25,25
790,791,CUST791,Tuesday,12,2023,2023-12-05,Female,51,45 - 54,Beauty,1,25,25
791,792,CUST792,Sunday,7,2023,2023-07-09,Female,20,18 - 24,Beauty,1,50,50
792,793,CUST793,Sunday,2,2023,2023-02-05,Male,54,54 - 65,Beauty,1,30,30
793,794,CUST794,Sunday,9,2023,2023-09-17,Female,60,54 - 65,Beauty,1,300,300
794,795,CUST795,Tuesday,11,2023,2023-11-28,Male,57,54 - 65,Electronics,1,300,300
795,796,CUST796,Saturday,6,2023,2023-06-24,Male,43,35 - 44,Beauty,4,30,120
796,797,CUST797,Saturday,1,2023,2023-01-07,Male,40,35 - 44,Clothing,3,25,75
797,798,CUST798,Friday,8,2023,2023-08-04,Male,61,54 - 65,Clothing,1,50,50
798,799,CUST799,Friday,9,2023,2023-09-08,Male,56,54 - 65,Electronics,2,50,100
799,800,CUST800,Friday,2,2023,2023-02-24,Male,32,25 - 34,Clothing,4,300,1200
800,801,CUST801,Thursday,8,2023,2023-08-10,Male,21,18 - 24,Clothing,4,50,200
801,802,CUST802,Wednesday,7,2023,2023-07-05,Female,46,45 - 54,Beauty,1,30,30
802,803,CUST803,Wednesday,11,2023,2023-11-22,Male,39,35 - 44,Clothing,4,25,100
803,804,CUST804,Thursday,8,2023,2023-08-24,Male,42,35 - 44,Electronics,1,30,30
804,805,CUST805,Friday,12,2023,2023-12-29,Female,30,25 - 34,Beauty,3,500,1500
805,806,CUST806,Monday,3,2023,2023-03-20,Female,35,35 - 44,Beauty,3,300,900
806,807,CUST807,Friday,8,2023,2023-08-11,Female,50,45 - 54,Electronics,4,50,200
807,808,CUST808,Saturday,4,2023,2023-04-01,Male,33,25 - 34,Beauty,4,500,2000
808,809,CUST809,Monday,9,2023,2023-09-25,Female,62,54 - 65,Beauty,2,50,100
809,810,CUST810,Thursday,11,2023,2023-11-30,Male,59,54 - 65,Electronics,4,25,100
810,811,CUST811,Friday,5,2023,2023-05-19,Male,61,54 - 65,Beauty,2,25,50
811,812,CUST812,Sunday,11,2023,2023-11-12,Male,19,18 - 24,Electronics,3,25,75
812,813,CUST813,Tuesday,10,2023,2023-10-03,Male,52,45 - 54,Electronics,3,50,150
813,814,CUST814,Tuesday,9,2023,2023-09-05,Female,59,54 - 65,Clothing,1,500,500
814,815,CUST815,Sunday,8,2023,2023-08-27,Female,51,45 - 54,Clothing,3,25,75
815,816,CUST816,Saturday,8,2023,2023-08-12,Male,47,45 - 54,Beauty,2,500,1000
816,817,CUST817,Tuesday,10,2023,2023-10-31,Male,30,25 - 34,Beauty,4,50,200
817,818,CUST818,Thursday,5,2023,2023-05-18,Male,30,25 - 34,Electronics,1,500,500
818,819,CUST819,Thursday,6,2023,2023-06-15,Female,35,35 - 44,Beauty,2,50,100
819,820,CUST820,Saturday,5,2023,2023-05-06,Male,49,45 - 54,Electronics,4,50,200
820,821,CUST821,Tuesday,2,2023,2023-02-14,Male,49,45 - 54,Electronics,1,300,300
821,822,CUST822,Tuesday,5,2023,2023-05-23,Female,52,45 - 54,Beauty,3,50,150
822,823,CUST823,Saturday,8,2023,2023-08-19,Female,56,54 - 65,Electronics,2,50,100
823,824,CUST824,Friday,5,2023,2023-05-05,Male,63,54 - 65,Clothing,4,30,120
824,825,CUST825,Saturday,8,2023,2023-08-26,Female,46,45 - 54,Beauty,1,25,25
825,826,CUST826,Thursday,10,2023,2023-10-19,Female,46,45 - 54,Clothing,1,300,300
826,827,CUST827,Thursday,11,2023,2023-11-09,Male,61,54 - 65,Beauty,3,300,900
827,828,CUST828,Saturday,12,2023,2023-12-09,Female,33,25 - 34,Electronics,4,300,1200
828,829,CUST829,Friday,7,2023,2023-07-14,Male,61,54 - 65,Beauty,3,30,90
829,830,CUST830,Thursday,6,2023,2023-06-22,Female,64,54 - 65,Clothing,3,50,150
830,831,CUST831,Sunday,1,2023,2023-01-15,Male,27,25 - 34,Electronics,4,25,100
831,832,CUST832,Monday,9,2023,2023-09-11,Male,47,45 - 54,Beauty,4,500,2000
832,833,CUST833,Friday,6,2023,2023-06-16,Male,42,35 - 44,Beauty,4,50,200
833,834,CUST834,Tuesday,4,2023,2023-04-04,Female,56,54 - 65,Beauty,2,30,60
834,835,CUST835,Thursday,9,2023,2023-09-07,Male,37,35 - 44,Clothing,4,50,200
835,836,CUST836,Wednesday,4,2023,2023-04-19,Female,22,18 - 24,Clothing,1,50,50
836,837,CUST837,Saturday,7,2023,2023-07-01,Male,18,18 - 24,Beauty,3,30,90
837,838,CUST838,Saturday,5,2023,2023-05-13,Male,47,45 - 54,Electronics,2,300,600
838,839,CUST839,Saturday,6,2023,2023-06-24,Female,20,18 - 24,Electronics,4,300,1200
839,840,CUST840,Wednesday,5,2023,2023-05-24,Male,62,54 - 65,Clothing,2,25,50
840,841,CUST841,Thursday,11,2023,2023-11-02,Male,31,25 - 34,Electronics,4,25,100
841,842,CUST842,Tuesday,12,2023,2023-12-26,Female,47,45 - 54,Clothing,2,300,600
842,843,CUST843,Monday,5,2023,2023-05-22,Male,21,18 - 24,Beauty,3,500,1500
843,844,CUST844,Thursday,10,2023,2023-10-12,Male,35,35 - 44,Clothing,3,50,150
844,845,CUST845,Friday,1,2023,2023-01-06,Male,54,54 - 65,Clothing,1,500,500
845,846,CUST846,Friday,9,2023,2023-09-22,Male,42,35 - 44,Beauty,1,50,50
846,847,CUST847,Saturday,4,2023,2023-04-08,Female,18,18 - 24,Electronics,4,300,1200
847,848,CUST848,Monday,2,2023,2023-02-13,Female,63,54 - 65,Clothing,3,25,75
848,849,CUST849,Thursday,5,2023,2023-05-04,Male,32,25 - 34,Clothing,2,25,50
849,850,CUST850,Friday,7,2023,2023-07-28,Female,26,25 - 34,Beauty,2,500,1000
850,851,CUST851,Friday,9,2023,2023-09-08,Male,32,25 - 34,Electronics,2,25,50
851,852,CUST852,Thursday,10,2023,2023-10-12,Female,41,35 - 44,Clothing,1,300,300
852,853,CUST853,Thursday,5,2023,2023-05-04,Male,21,18 - 24,Beauty,2,500,1000
853,854,CUST854,Wednesday,12,2023,2023-12-20,Male,29,25 - 34,Clothing,1,50,50
854,855,CUST855,Friday,9,2023,2023-09-01,Male,54,54 - 65,Beauty,1,25,25
855,856,CUST856,Monday,11,2023,2023-11-27,Male,54,54 - 65,Electronics,4,30,120
856,857,CUST857,Sunday,12,2023,2023-12-31,Male,60,54 - 65,Electronics,2,25,50
857,858,CUST858,Saturday,9,2023,2023-09-09,Male,23,18 - 24,Electronics,2,50,100
858,859,CUST859,Friday,8,2023,2023-08-18,Female,56,54 - 65,Electronics,3,500,1500
859,860,CUST860,Monday,1,2023,2023-01-09,Male,63,54 - 65,Clothing,4,50,200
860,861,CUST861,Friday,2,2023,2023-02-17,Female,41,35 - 44,Clothing,3,30,90
861,862,CUST862,Wednesday,5,2023,2023-05-31,Male,28,25 - 34,Electronics,4,300,1200
862,863,CUST863,Monday,4,2023,2023-04-24,Female,30,25 - 34,Electronics,2,25,50
863,864,CUST864,Thursday,7,2023,2023-07-27,Female,51,45 - 54,Electronics,1,500,500
864,865,CUST865,Thursday,12,2023,2023-12-21,Female,42,35 - 44,Clothing,1,300,300
865,866,CUST866,Friday,5,2023,2023-05-05,Male,24,18 - 24,Electronics,1,50,50
866,867,CUST867,Tuesday,6,2023,2023-06-06,Male,21,18 - 24,Electronics,1,500,500
867,868,CUST868,Wednesday,12,2023,2023-12-06,Female,25,25 - 34,Electronics,1,300,300
868,869,CUST869,Wednesday,10,2023,2023-10-25,Male,37,35 - 44,Beauty,3,500,1500
869,870,CUST870,Saturday,7,2023,2023-07-08,Female,46,45 - 54,Electronics,4,30,120
870,871,CUST871,Thursday,8,2023,2023-08-31,Male,62,54 - 65,Beauty,2,30,60
871,872,CUST872,Wednesday,10,2023,2023-10-11,Female,63,54 - 65,Beauty,3,25,75
872,873,CUST873,Friday,9,2023,2023-09-29,Female,27,25 - 34,Electronics,4,25,100
873,874,CUST874,Monday,6,2023,2023-06-26,Male,60,54 - 65,Beauty,1,30,30
874,875,CUST875,Sunday,8,2023,2023-08-06,Female,51,45 - 54,Electronics,4,500,2000
875,876,CUST876,Monday,10,2023,2023-10-09,Male,43,35 - 44,Clothing,4,30,120
876,877,CUST877,Monday,6,2023,2023-06-19,Female,58,54 - 65,Clothing,1,25,25
877,878,CUST878,Friday,6,2023,2023-06-30,Female,20,18 - 24,Clothing,1,30,30
878,879,CUST879,Tuesday,12,2023,2023-12-26,Male,23,18 - 24,Clothing,1,30,30
879,880,CUST880,Monday,8,2023,2023-08-21,Male,22,18 - 24,Beauty,2,500,1000
880,881,CUST881,Friday,5,2023,2023-05-19,Male,22,18 - 24,Electronics,1,300,300
881,882,CUST882,Tuesday,6,2023,2023-06-06,Female,64,54 - 65,Electronics,2,25,50
882,883,CUST883,Tuesday,5,2023,2023-05-09,Male,40,35 - 44,Electronics,1,500,500
883,884,CUST884,Saturday,4,2023,2023-04-29,Female,26,25 - 34,Clothing,2,30,60
884,885,CUST885,Friday,3,2023,2023-03-03,Female,52,45 - 54,Clothing,4,30,120
885,886,CUST886,Sunday,4,2023,2023-04-09,Male,37,35 - 44,Electronics,3,300,900
886,887,CUST887,Sunday,6,2023,2023-06-11,Male,59,54 - 65,Clothing,4,25,100
887,888,CUST888,Friday,3,2023,2023-03-03,Female,52,45 - 54,Electronics,4,25,100
888,889,CUST889,Monday,10,2023,2023-10-02,Female,35,35 - 44,Electronics,1,50,50
889,890,CUST890,Wednesday,12,2023,2023-12-20,Male,34,25 - 34,Electronics,2,25,50
890,891,CUST891,Wednesday,4,2023,2023-04-05,Male,41,35 - 44,Electronics,3,300,900
891,892,CUST892,Sunday,4,2023,2023-04-09,Male,20,18 - 24,Electronics,1,50,50
892,893,CUST893,Friday,4,2023,2023-04-21,Male,49,45 - 54,Electronics,1,50,50
893,894,CUST894,Tuesday,9,2023,2023-09-05,Male,52,45 - 54,Electronics,1,30,30
894,895,CUST895,Monday,5,2023,2023-05-22,Female,55,54 - 65,Clothing,4,30,120
895,896,CUST896,Sunday,10,2023,2023-10-29,Female,30,25 - 34,Electronics,2,25,50
896,897,CUST897,Tuesday,9,2023,2023-09-26,Female,64,54 - 65,Electronics,2,50,100
897,898,CUST898,Thursday,11,2023,2023-11-02,Female,42,35 - 44,Clothing,3,30,90
898,899,CUST899,Thursday,5,2023,2023-05-25,Male,26,25 - 34,Clothing,2,300,600
899,900,CUST900,Tuesday,2,2023,2023-02-21,Male,21,18 - 24,Clothing,2,30,60
900,901,CUST901,Monday,4,2023,2023-04-10,Male,31,25 - 34,Electronics,1,30,30
901,902,CUST902,Thursday,6,2023,2023-06-01,Female,54,54 - 65,Beauty,1,50,50
902,903,CUST903,Thursday,4,2023,2023-04-27,Female,51,45 - 54,Beauty,4,50,200
903,904,CUST904,Tuesday,7,2023,2023-07-04,Male,28,25 - 34,Clothing,1,500,500
904,905,CUST905,Sunday,4,2023,2023-04-02,Male,58,54 - 65,Beauty,1,300,300
905,906,CUST906,Sunday,6,2023,2023-06-04,Female,20,18 - 24,Clothing,1,50,50
906,907,CUST907,Sunday,1,2023,2023-01-08,Female,45,45 - 54,Electronics,1,25,25
907,908,CUST908,Friday,12,2023,2023-12-29,Male,46,45 - 54,Beauty,4,300,1200
908,909,CUST909,Sunday,10,2023,2023-10-01,Male,26,25 - 34,Electronics,1,300,300
909,910,CUST910,Monday,3,2023,2023-03-06,Female,20,18 - 24,Beauty,3,50,150
910,911,CUST911,Sunday,5,2023,2023-05-21,Male,42,35 - 44,Electronics,3,300,900
911,912,CUST912,Tuesday,1,2023,2023-01-24,Male,51,45 - 54,Beauty,3,50,150
912,913,CUST913,Saturday,1,2023,2023-01-28,Male,29,25 - 34,Electronics,3,30,90
913,914,CUST914,Wednesday,10,2023,2023-10-11,Female,59,54 - 65,Electronics,1,500,500
914,915,CUST915,Tuesday,5,2023,2023-05-30,Female,26,25 - 34,Beauty,3,30,90
915,916,CUST916,Sunday,12,2023,2023-12-24,Female,32,25 - 34,Electronics,1,50,50
916,917,CUST917,Monday,3,2023,2023-03-06,Female,57,54 - 65,Electronics,4,50,200
917,918,CUST918,Thursday,11,2023,2023-11-23,Female,42,35 - 44,Electronics,3,30,90
918,919,CUST919,Saturday,9,2023,2023-09-09,Female,22,18 - 24,Beauty,2,25,50
919,920,CUST920,Wednesday,2,2023,2023-02-22,Female,28,25 - 34,Beauty,3,25,75
920,921,CUST921,Saturday,1,2023,2023-01-07,Male,51,45 - 54,Electronics,3,25,75
921,922,CUST922,Saturday,10,2023,2023-10-21,Male,41,35 - 44,Electronics,1,50,50
922,923,CUST923,Friday,5,2023,2023-05-26,Male,32,25 - 34,Beauty,3,300,900
923,924,CUST924,Tuesday,8,2023,2023-08-29,Male,55,54 - 65,Beauty,2,50,100
924,925,CUST925,Sunday,9,2023,2023-09-03,Male,25,25 - 34,Electronics,1,300,300
925,926,CUST926,Monday,8,2023,2023-08-14,Male,22,18 - 24,Electronics,1,30,30
926,927,CUST927,Saturday,6,2023,2023-06-24,Male,43,35 - 44,Electronics,4,500,2000
927,928,CUST928,Wednesday,4,2023,2023-04-05,Female,35,35 - 44,Clothing,4,300,1200
928,929,CUST929,Friday,1,2023,2023-01-27,Female,23,18 - 24,Beauty,3,25,75
929,930,CUST930,Wednesday,5,2023,2023-05-10,Male,54,54 - 65,Clothing,4,50,200
930,931,CUST931,Saturday,9,2023,2023-09-02,Male,30,25 - 34,Beauty,4,30,120
931,932,CUST932,Tuesday,2,2023,2023-02-28,Female,45,45 - 54,Beauty,4,25,100
932,933,CUST933,Friday,2,2023,2023-02-03,Male,22,18 - 24,Beauty,1,30,30
933,934,CUST934,Tuesday,7,2023,2023-07-25,Male,30,25 - 34,Beauty,1,500,500
934,935,CUST935,Saturday,9,2023,2023-09-09,Female,34,25 - 34,Beauty,1,50,50
935,936,CUST936,Tuesday,2,2023,2023-02-07,Male,57,54 - 65,Beauty,4,50,200
936,937,CUST937,Monday,10,2023,2023-10-23,Female,62,54 - 65,Beauty,1,500,500
937,938,CUST938,Sunday,11,2023,2023-11-19,Male,49,45 - 54,Clothing,4,50,200
938,939,CUST939,Monday,12,2023,2023-12-18,Female,46,45 - 54,Electronics,1,300,300
939,940,CUST940,Saturday,1,2023,2023-01-28,Female,20,18 - 24,Electronics,1,30,30
940,941,CUST941,Sunday,3,2023,2023-03-19,Female,57,54 - 65,Clothing,2,25,50
941,942,CUST942,Saturday,3,2023,2023-03-18,Male,51,45 - 54,Clothing,3,500,1500
942,943,CUST943,Monday,10,2023,2023-10-16,Female,57,54 - 65,Clothing,4,300,1200
943,944,CUST944,Monday,6,2023,2023-06-05,Male,44,35 - 44,Clothing,2,25,50
944,945,CUST945,Monday,2,2023,2023-02-13,Male,30,25 - 34,Beauty,1,25,25
945,946,CUST946,Monday,5,2023,2023-05-08,Male,62,54 - 65,Electronics,4,500,2000
946,947,CUST947,Thursday,3,2023,2023-03-02,Male,50,45 - 54,Beauty,1,300,300
947,948,CUST948,Friday,10,2023,2023-10-13,Female,23,18 - 24,Electronics,3,25,75
948,949,CUST949,Wednesday,8,2023,2023-08-02,Female,41,35 - 44,Electronics,2,25,50
949,950,CUST950,Tuesday,11,2023,2023-11-07,Male,36,35 - 44,Clothing,3,300,900
950,951,CUST951,Thursday,11,2023,2023-11-02,Male,33,25 - 34,Beauty,2,50,100
951,952,CUST952,Monday,11,2023,2023-11-13,Female,57,54 - 65,Clothing,1,25,25
952,953,CUST953,Wednesday,4,2023,2023-04-26,Male,45,45 - 54,Beauty,3,30,90
953,954,CUST954,Monday,9,2023,2023-09-25,Female,50,45 - 54,Electronics,3,300,900
954,955,CUST955,Friday,7,2023,2023-07-14,Male,58,54 - 65,Clothing,1,25,25
955,956,CUST956,Saturday,8,2023,2023-08-19,Male,30,25 - 34,Clothing,3,500,1500
956,957,CUST957,Tuesday,8,2023,2023-08-15,Female,60,54 - 65,Electronics,4,30,120
957,958,CUST958,Friday,6,2023,2023-06-02,Male,62,54 - 65,Electronics,2,25,50
958,959,CUST959,Sunday,10,2023,2023-10-29,Female,42,35 - 44,Electronics,2,30,60
959,960,CUST960,Tuesday,8,2023,2023-08-08,Male,59,54 - 65,Clothing,2,30,60
960,961,CUST961,Tuesday,6,2023,2023-06-06,Male,53,45 - 54,Beauty,4,50,200
961,962,CUST962,Thursday,10,2023,2023-10-19,Male,44,35 - 44,Clothing,2,30,60
962,963,CUST963,Tuesday,11,2023,2023-11-14,Female,55,54 - 65,Beauty,1,50,50
963,964,CUST964,Tuesday,1,2023,2023-01-31,Male,24,18 - 24,Clothing,3,300,900
964,965,CUST965,Thursday,11,2023,2023-11-09,Male,22,18 - 24,Clothing,4,50,200
965,966,CUST966,Monday,2,2023,2023-02-20,Male,60,54 - 65,Electronics,2,500,1000
966,967,CUST967,Monday,4,2023,2023-04-17,Male,62,54 - 65,Beauty,1,25,25
967,968,CUST968,Friday,11,2023,2023-11-17,Female,48,45 - 54,Clothing,3,300,900
968,969,CUST969,Wednesday,4,2023,2023-04-19,Female,40,35 - 44,Clothing,3,300,900
969,970,CUST970,Tuesday,5,2023,2023-05-16,Male,59,54 - 65,Electronics,4,500,2000
970,971,CUST971,Tuesday,12,2023,2023-12-05,Female,27,25 - 34,Electronics,4,50,200
971,972,CUST972,Saturday,2,2023,2023-02-11,Male,49,45 - 54,Beauty,4,25,100
972,973,CUST973,Wednesday,3,2023,2023-03-22,Male,60,54 - 65,Clothing,1,50,50
973,974,CUST974,Wednesday,5,2023,2023-05-03,Male,47,45 - 54,Beauty,1,30,30
974,975,CUST975,Thursday,3,2023,2023-03-30,Female,56,54 - 65,Clothing,4,50,200
975,976,CUST976,Tuesday,10,2023,2023-10-10,Female,48,45 - 54,Beauty,2,300,600
976,977,CUST977,Wednesday,2,2023,2023-02-08,Female,35,35 - 44,Electronics,3,25,75
977,978,CUST978,Wednesday,3,2023,2023-03-22,Female,53,45 - 54,Clothing,3,50,150
978,979,CUST979,Monday,1,2023,2023-01-02,Female,19,18 - 24,Beauty,1,25,25
979,980,CUST980,Saturday,7,2023,2023-07-29,Female,31,25 - 34,Electronics,3,25,75
980,981,CUST981,Saturday,8,2023,2023-08-19,Female,30,25 - 34,Electronics,2,30,60
981,982,CUST982,Tuesday,12,2023,2023-12-19,Female,46,45 - 54,Beauty,3,30,90
982,983,CUST983,Wednesday,11,2023,2023-11-01,Female,29,25 - 34,Clothing,1,300,300
983,984,CUST984,Tuesday,8,2023,2023-08-29,Male,56,54 - 65,Clothing,1,500,500
984,985,CUST985,Tuesday,5,2023,2023-05-30,Female,19,18 - 24,Electronics,2,25,50
985,986,CUST986,Tuesday,1,2023,2023-01-17,Female,49,45 - 54,Clothing,2,500,1000
986,987,CUST987,Saturday,4,2023,2023-04-29,Female,30,25 - 34,Clothing,3,300,900
987,988,CUST988,Sunday,5,2023,2023-05-28,Female,63,54 - 65,Clothing,3,25,75
988,989,CUST989,Thursday,12,2023,2023-12-28,Female,44,35 - 44,Electronics,1,25,25
989,990,CUST990,Thursday,5,2023,2023-05-25,Female,58,54 - 65,Beauty,2,500,1000
990,991,CUST991,Tuesday,12,2023,2023-12-26,Female,34,25 - 34,Clothing,2,50,100
991,992,CUST992,Monday,8,2023,2023-08-21,Female,57,54 - 65,Electronics,2,30,60
992,993,CUST993,Monday,2,2023,2023-02-06,Female,48,45 - 54,Electronics,3,50,150
993,994,CUST994,Monday,12,2023,2023-12-18,Female,51,45 - 54,Beauty,2,500,1000
994,995,CUST995,Sunday,4,2023,2023-04-30,Female,41,35 - 44,Clothing,1,30,30
995,996,CUST996,Tuesday,5,2023,2023-05-16,Male,62,54 - 65,Clothing,1,50,50
996,997,CUST997,Friday,11,2023,2023-11-17,Male,52,45 - 54,Beauty,3,30,90
997,998,CUST998,Sunday,10,2023,2023-10-29,Female,23,18 - 24,Beauty,4,25,100
998,999,CUST999,Tuesday,12,2023,2023-12-05,Female,36,35 - 44,Electronics,3,50,150
999,1000,CUST1000,Wednesday,4,2023,2023-04-12,Male,47,45 - 54,Electronics,4,30,120
